Event_ID,Camera_ID,Trigger_Timestamp,Zone_Level,Duration_Sec
1,169.254.1.224,2025-03-01 07:54:00,Danger,4.65
2,169.254.1.223,2025-03-01 08:22:00,Warning,3.53
3,169.254.1.224,2025-03-01 16:04:00,Warning,1.59
4,169.254.1.224,2025-03-01 09:58:00,Warning,1.58
5,169.254.1.224,2025-03-01 18:13:00,Warning,3.13
6,169.254.1.223,2025-03-01 13:39:00,Warning,3.93
7,169.254.1.225,2025-03-01 18:57:00,Warning,3.59
8,169.254.1.225,2025-03-01 10:44:00,Danger,8.74
9,169.254.1.225,2025-03-01 07:44:00,Danger,3.58
10,169.254.1.226,2025-03-01 16:18:00,Danger,3.26
11,169.254.1.223,2025-03-01 15:09:00,Danger,8.53
12,169.254.1.225,2025-03-01 15:25:00,Danger,6.77
13,169.254.1.224,2025-03-01 15:51:00,Danger,3.42
14,169.254.1.224,2025-03-01 19:11:00,Danger,3.48
15,169.254.1.225,2025-03-01 07:43:00,Warning,2.86
16,169.254.1.225,2025-03-01 08:46:00,Warning,2.13
17,169.254.1.224,2025-03-01 17:58:00,Warning,3.44
18,169.254.1.226,2025-03-01 15:06:00,Warning,1.99
19,169.254.1.224,2025-03-01 10:36:00,Warning,3.42
20,169.254.1.223,2025-03-01 17:41:00,Danger,7.61
21,169.254.1.226,2025-03-01 09:54:00,Warning,3.92
22,169.254.1.225,2025-03-01 10:34:00,Danger,8.48
23,169.254.1.226,2025-03-01 09:37:00,Warning,2.69
24,169.254.1.225,2025-03-01 08:26:00,Danger,4.48
25,169.254.1.226,2025-03-01 18:44:00,Warning,4.19
26,169.254.1.226,2025-03-01 12:10:00,Danger,8.99
27,169.254.1.224,2025-03-01 07:33:00,Warning,4.08
28,169.254.1.223,2025-03-01 16:42:00,Danger,7.08
29,169.254.1.225,2025-03-01 12:34:00,Warning,4.49
30,169.254.1.223,2025-03-01 15:26:00,Warning,1.53
31,169.254.1.225,2025-03-01 17:38:00,Warning,3.75
32,169.254.1.223,2025-03-01 07:54:00,Danger,3.95
33,169.254.1.224,2025-03-01 18:19:00,Warning,2.29
34,169.254.1.225,2025-03-01 14:39:00,Warning,4.11
35,169.254.1.225,2025-03-01 16:54:00,Warning,2.1
36,169.254.1.223,2025-03-01 19:00:00,Danger,8.72
37,169.254.1.225,2025-03-01 16:13:00,Danger,3.12
38,169.254.1.223,2025-03-01 19:46:00,Danger,3.35
39,169.254.1.224,2025-03-01 07:27:00,Warning,3.95
40,169.254.1.224,2025-03-01 08:11:00,Warning,4.34
41,169.254.1.224,2025-03-01 10:31:00,Warning,3.32
42,169.254.1.225,2025-03-01 15:12:00,Warning,3.57
43,169.254.1.226,2025-03-01 12:48:00,Warning,3.45
44,169.254.1.223,2025-03-01 14:49:00,Warning,2.24
45,169.254.1.224,2025-03-01 11:46:00,Danger,6.32
46,169.254.1.224,2025-03-01 06:07:00,Danger,6.79
47,169.254.1.223,2025-03-01 07:09:00,Warning,4.08
48,169.254.1.224,2025-03-01 14:46:00,Danger,7.01
49,169.254.1.226,2025-03-01 15:12:00,Danger,8.61
50,169.254.1.224,2025-03-01 10:08:00,Warning,3.92
51,169.254.1.226,2025-03-01 07:36:00,Danger,5.59
52,169.254.1.223,2025-03-01 13:00:00,Warning,3.69
53,169.254.1.223,2025-03-01 07:02:00,Warning,2.52
54,169.254.1.224,2025-03-01 10:14:00,Danger,6.22
55,169.254.1.223,2025-03-01 13:12:00,Danger,5.78
56,169.254.1.223,2025-03-02 19:47:00,Warning,3.15
57,169.254.1.223,2025-03-02 17:07:00,Warning,4.01
58,169.254.1.226,2025-03-02 18:51:00,Warning,2.0
59,169.254.1.223,2025-03-02 14:12:00,Danger,5.41
60,169.254.1.225,2025-03-02 08:48:00,Warning,4.46
61,169.254.1.226,2025-03-02 19:22:00,Warning,2.36
62,169.254.1.223,2025-03-02 08:38:00,Danger,4.31
63,169.254.1.225,2025-03-02 15:53:00,Warning,1.68
64,169.254.1.224,2025-03-02 06:58:00,Danger,5.86
65,169.254.1.224,2025-03-02 06:58:00,Warning,1.74
66,169.254.1.224,2025-03-02 07:10:00,Warning,3.53
67,169.254.1.224,2025-03-02 12:53:00,Danger,8.34
68,169.254.1.226,2025-03-02 15:52:00,Warning,3.36
69,169.254.1.225,2025-03-02 17:13:00,Warning,3.07
70,169.254.1.225,2025-03-02 09:29:00,Warning,2.44
71,169.254.1.226,2025-03-02 12:45:00,Danger,6.87
72,169.254.1.223,2025-03-02 11:23:00,Warning,4.31
73,169.254.1.223,2025-03-02 13:49:00,Warning,3.19
74,169.254.1.224,2025-03-02 07:15:00,Warning,3.02
75,169.254.1.225,2025-03-02 11:57:00,Warning,4.14
76,169.254.1.225,2025-03-02 10:51:00,Danger,8.0
77,169.254.1.223,2025-03-02 16:26:00,Warning,3.92
78,169.254.1.223,2025-03-02 17:23:00,Warning,2.4
79,169.254.1.224,2025-03-02 08:17:00,Danger,8.34
80,169.254.1.225,2025-03-02 10:38:00,Danger,4.26
81,169.254.1.226,2025-03-02 09:28:00,Warning,4.06
82,169.254.1.223,2025-03-02 10:17:00,Warning,4.04
83,169.254.1.223,2025-03-02 16:49:00,Warning,2.33
84,169.254.1.225,2025-03-02 11:41:00,Warning,3.41
85,169.254.1.226,2025-03-02 08:45:00,Warning,3.16
86,169.254.1.224,2025-03-02 15:34:00,Danger,3.45
87,169.254.1.224,2025-03-02 15:18:00,Danger,5.22
88,169.254.1.223,2025-03-02 13:20:00,Danger,4.85
89,169.254.1.223,2025-03-02 12:06:00,Danger,4.5
90,169.254.1.226,2025-03-02 12:02:00,Warning,4.15
91,169.254.1.224,2025-03-02 16:35:00,Warning,4.28
92,169.254.1.226,2025-03-02 08:46:00,Warning,3.93
93,169.254.1.226,2025-03-02 06:25:00,Danger,8.55
94,169.254.1.224,2025-03-02 19:41:00,Warning,3.71
95,169.254.1.226,2025-03-02 10:33:00,Danger,7.21
96,169.254.1.226,2025-03-02 06:39:00,Warning,2.17
97,169.254.1.224,2025-03-02 11:58:00,Danger,7.77
98,169.254.1.225,2025-03-02 09:48:00,Danger,4.16
99,169.254.1.226,2025-03-03 07:11:00,Warning,2.34
100,169.254.1.223,2025-03-03 17:35:00,Warning,3.11
101,169.254.1.225,2025-03-03 07:58:00,Warning,2.28
102,169.254.1.225,2025-03-03 06:39:00,Danger,5.61
103,169.254.1.226,2025-03-03 13:26:00,Warning,3.03
104,169.254.1.226,2025-03-03 15:50:00,Danger,3.27
105,169.254.1.224,2025-03-03 06:01:00,Warning,3.92
106,169.254.1.225,2025-03-03 12:12:00,Warning,4.35
107,169.254.1.225,2025-03-03 16:38:00,Danger,8.09
108,169.254.1.226,2025-03-03 14:39:00,Danger,5.45
109,169.254.1.226,2025-03-03 17:53:00,Danger,3.76
110,169.254.1.224,2025-03-03 17:20:00,Warning,3.53
111,169.254.1.223,2025-03-03 16:30:00,Warning,2.72
112,169.254.1.225,2025-03-03 11:11:00,Danger,5.58
113,169.254.1.226,2025-03-03 13:56:00,Warning,3.53
114,169.254.1.224,2025-03-03 19:32:00,Warning,3.89
115,169.254.1.225,2025-03-03 17:14:00,Danger,6.09
116,169.254.1.225,2025-03-03 07:35:00,Warning,3.75
117,169.254.1.223,2025-03-03 09:50:00,Warning,1.94
118,169.254.1.223,2025-03-03 10:10:00,Warning,3.33
119,169.254.1.224,2025-03-03 13:46:00,Warning,3.39
120,169.254.1.224,2025-03-03 18:15:00,Warning,2.98
121,169.254.1.223,2025-03-03 08:31:00,Warning,1.52
122,169.254.1.226,2025-03-03 19:17:00,Warning,2.03
123,169.254.1.223,2025-03-03 06:51:00,Warning,4.25
124,169.254.1.225,2025-03-03 13:47:00,Danger,5.79
125,169.254.1.226,2025-03-03 18:53:00,Warning,3.34
126,169.254.1.226,2025-03-03 15:21:00,Warning,1.98
127,169.254.1.225,2025-03-03 13:40:00,Danger,4.48
128,169.254.1.224,2025-03-03 19:04:00,Warning,2.95
129,169.254.1.224,2025-03-03 10:41:00,Warning,3.64
130,169.254.1.223,2025-03-03 10:38:00,Danger,8.36
131,169.254.1.224,2025-03-04 08:34:00,Danger,7.16
132,169.254.1.226,2025-03-04 07:05:00,Warning,2.49
133,169.254.1.226,2025-03-04 13:05:00,Danger,8.0
134,169.254.1.226,2025-03-04 19:08:00,Warning,3.59
135,169.254.1.226,2025-03-04 14:08:00,Danger,5.11
136,169.254.1.224,2025-03-04 13:09:00,Warning,3.7
137,169.254.1.223,2025-03-04 14:19:00,Danger,5.62
138,169.254.1.226,2025-03-04 12:38:00,Danger,7.07
139,169.254.1.224,2025-03-04 18:21:00,Danger,5.8
140,169.254.1.223,2025-03-04 16:37:00,Warning,4.22
141,169.254.1.226,2025-03-04 07:25:00,Warning,1.91
142,169.254.1.224,2025-03-04 09:06:00,Danger,5.27
143,169.254.1.226,2025-03-04 13:45:00,Danger,7.57
144,169.254.1.225,2025-03-04 10:44:00,Warning,4.0
145,169.254.1.223,2025-03-04 07:23:00,Warning,3.75
146,169.254.1.223,2025-03-04 11:58:00,Danger,3.41
147,169.254.1.223,2025-03-04 18:52:00,Danger,4.48
148,169.254.1.223,2025-03-04 16:36:00,Danger,3.76
149,169.254.1.225,2025-03-04 15:37:00,Warning,2.9
150,169.254.1.223,2025-03-04 19:05:00,Warning,3.32
151,169.254.1.223,2025-03-04 19:16:00,Warning,4.39
152,169.254.1.226,2025-03-04 15:52:00,Danger,4.87
153,169.254.1.224,2025-03-04 12:46:00,Warning,2.09
154,169.254.1.223,2025-03-05 17:53:00,Warning,4.05
155,169.254.1.225,2025-03-05 19:35:00,Warning,3.85
156,169.254.1.225,2025-03-05 15:05:00,Warning,2.61
157,169.254.1.223,2025-03-05 06:12:00,Warning,3.97
158,169.254.1.226,2025-03-05 13:23:00,Warning,3.41
159,169.254.1.225,2025-03-05 18:04:00,Danger,4.06
160,169.254.1.226,2025-03-05 16:30:00,Warning,3.11
161,169.254.1.225,2025-03-05 13:56:00,Warning,3.69
162,169.254.1.223,2025-03-05 11:30:00,Warning,3.99
163,169.254.1.226,2025-03-05 10:45:00,Warning,2.23
164,169.254.1.223,2025-03-05 15:43:00,Warning,2.64
165,169.254.1.224,2025-03-05 14:26:00,Warning,2.05
166,169.254.1.225,2025-03-05 12:03:00,Warning,2.52
167,169.254.1.223,2025-03-05 15:29:00,Danger,8.69
168,169.254.1.224,2025-03-05 10:07:00,Warning,2.97
169,169.254.1.226,2025-03-05 17:47:00,Warning,3.64
170,169.254.1.226,2025-03-05 19:31:00,Danger,4.77
171,169.254.1.225,2025-03-05 17:48:00,Danger,6.98
172,169.254.1.225,2025-03-05 14:04:00,Warning,2.53
173,169.254.1.225,2025-03-05 12:00:00,Warning,2.31
174,169.254.1.223,2025-03-05 09:56:00,Danger,4.16
175,169.254.1.226,2025-03-06 19:00:00,Warning,2.07
176,169.254.1.225,2025-03-06 10:43:00,Warning,4.43
177,169.254.1.225,2025-03-06 07:42:00,Warning,2.39
178,169.254.1.224,2025-03-06 09:03:00,Danger,7.25
179,169.254.1.225,2025-03-06 10:40:00,Danger,3.33
180,169.254.1.226,2025-03-06 17:54:00,Warning,3.41
181,169.254.1.226,2025-03-06 07:45:00,Warning,3.22
182,169.254.1.223,2025-03-06 14:10:00,Warning,2.05
183,169.254.1.223,2025-03-06 10:18:00,Warning,2.93
184,169.254.1.223,2025-03-06 12:50:00,Warning,3.23
185,169.254.1.225,2025-03-06 08:35:00,Danger,6.38
186,169.254.1.226,2025-03-06 07:27:00,Warning,1.86
187,169.254.1.226,2025-03-06 16:20:00,Warning,3.36
188,169.254.1.226,2025-03-06 13:41:00,Warning,2.39
189,169.254.1.223,2025-03-06 11:12:00,Warning,1.68
190,169.254.1.223,2025-03-06 19:01:00,Danger,4.27
191,169.254.1.224,2025-03-06 08:40:00,Danger,6.31
192,169.254.1.226,2025-03-06 06:02:00,Warning,3.57
193,169.254.1.225,2025-03-06 10:58:00,Danger,4.73
194,169.254.1.224,2025-03-06 17:59:00,Warning,1.71
195,169.254.1.224,2025-03-06 10:30:00,Warning,3.38
196,169.254.1.224,2025-03-06 13:15:00,Danger,4.35
197,169.254.1.224,2025-03-06 10:32:00,Warning,1.71
198,169.254.1.225,2025-03-06 19:31:00,Danger,7.49
199,169.254.1.226,2025-03-06 13:29:00,Danger,7.13
200,169.254.1.223,2025-03-06 10:38:00,Warning,2.98
201,169.254.1.225,2025-03-06 16:12:00,Danger,5.59
202,169.254.1.223,2025-03-06 16:18:00,Danger,3.55
203,169.254.1.223,2025-03-06 19:03:00,Warning,2.31
204,169.254.1.226,2025-03-06 19:01:00,Warning,2.91
205,169.254.1.226,2025-03-06 10:44:00,Danger,6.51
206,169.254.1.225,2025-03-06 07:33:00,Warning,2.73
207,169.254.1.226,2025-03-06 17:26:00,Danger,3.96
208,169.254.1.226,2025-03-06 17:50:00,Warning,3.49
209,169.254.1.223,2025-03-06 19:53:00,Warning,1.61
210,169.254.1.226,2025-03-06 11:22:00,Danger,3.7
211,169.254.1.226,2025-03-06 14:46:00,Warning,1.5
212,169.254.1.226,2025-03-06 13:03:00,Danger,6.11
213,169.254.1.225,2025-03-06 16:40:00,Warning,1.65
214,169.254.1.226,2025-03-06 15:22:00,Danger,4.73
215,169.254.1.224,2025-03-06 08:04:00,Danger,6.78
216,169.254.1.226,2025-03-06 18:06:00,Danger,6.31
217,169.254.1.223,2025-03-06 07:35:00,Danger,8.05
218,169.254.1.224,2025-03-06 13:52:00,Warning,3.44
219,169.254.1.225,2025-03-06 14:30:00,Warning,2.38
220,169.254.1.224,2025-03-06 13:05:00,Warning,4.44
221,169.254.1.224,2025-03-06 13:47:00,Warning,2.65
222,169.254.1.226,2025-03-06 07:11:00,Danger,7.74
223,169.254.1.223,2025-03-06 11:48:00,Warning,3.02
224,169.254.1.226,2025-03-07 18:23:00,Danger,6.52
225,169.254.1.225,2025-03-07 08:32:00,Warning,2.95
226,169.254.1.225,2025-03-07 15:25:00,Warning,2.63
227,169.254.1.226,2025-03-07 09:13:00,Warning,2.22
228,169.254.1.225,2025-03-07 09:59:00,Warning,2.73
229,169.254.1.226,2025-03-07 18:42:00,Warning,4.24
230,169.254.1.224,2025-03-07 12:35:00,Warning,3.88
231,169.254.1.225,2025-03-07 14:27:00,Warning,1.88
232,169.254.1.226,2025-03-07 07:42:00,Warning,2.82
233,169.254.1.224,2025-03-07 06:15:00,Warning,2.73
234,169.254.1.225,2025-03-07 07:16:00,Warning,4.41
235,169.254.1.225,2025-03-07 16:38:00,Warning,3.45
236,169.254.1.225,2025-03-07 17:30:00,Warning,2.64
237,169.254.1.223,2025-03-07 16:41:00,Warning,3.78
238,169.254.1.225,2025-03-07 16:32:00,Danger,6.79
239,169.254.1.223,2025-03-07 09:52:00,Warning,2.8
240,169.254.1.226,2025-03-07 18:58:00,Warning,4.12
241,169.254.1.223,2025-03-07 08:50:00,Warning,4.21
242,169.254.1.225,2025-03-07 11:32:00,Warning,2.38
243,169.254.1.224,2025-03-07 13:21:00,Danger,6.19
244,169.254.1.226,2025-03-07 08:54:00,Danger,6.66
245,169.254.1.224,2025-03-07 16:34:00,Warning,2.99
246,169.254.1.225,2025-03-07 09:57:00,Warning,2.26
247,169.254.1.225,2025-03-07 17:22:00,Danger,7.83
248,169.254.1.225,2025-03-07 17:33:00,Warning,1.72
249,169.254.1.225,2025-03-07 16:01:00,Danger,8.77
250,169.254.1.226,2025-03-07 13:47:00,Warning,2.1
251,169.254.1.225,2025-03-07 14:14:00,Danger,5.29
252,169.254.1.223,2025-03-07 15:48:00,Danger,7.2
253,169.254.1.223,2025-03-07 17:14:00,Warning,1.52
254,169.254.1.225,2025-03-07 16:20:00,Warning,4.0
255,169.254.1.225,2025-03-07 19:14:00,Warning,3.32
256,169.254.1.224,2025-03-07 09:44:00,Warning,3.36
257,169.254.1.225,2025-03-08 07:39:00,Warning,3.44
258,169.254.1.224,2025-03-08 19:27:00,Warning,3.24
259,169.254.1.226,2025-03-08 07:32:00,Warning,2.48
260,169.254.1.225,2025-03-08 08:59:00,Danger,7.72
261,169.254.1.224,2025-03-08 15:03:00,Warning,2.32
262,169.254.1.225,2025-03-08 10:23:00,Warning,4.33
263,169.254.1.226,2025-03-08 18:44:00,Warning,3.91
264,169.254.1.226,2025-03-08 07:17:00,Danger,8.8
265,169.254.1.226,2025-03-08 19:43:00,Warning,1.77
266,169.254.1.225,2025-03-08 06:14:00,Danger,3.74
267,169.254.1.226,2025-03-08 17:28:00,Warning,2.29
268,169.254.1.224,2025-03-08 16:53:00,Warning,1.83
269,169.254.1.225,2025-03-08 14:02:00,Danger,8.31
270,169.254.1.226,2025-03-08 16:24:00,Danger,3.38
271,169.254.1.224,2025-03-08 17:57:00,Danger,5.45
272,169.254.1.226,2025-03-08 06:46:00,Warning,2.41
273,169.254.1.224,2025-03-08 07:58:00,Danger,8.32
274,169.254.1.226,2025-03-08 12:37:00,Warning,3.51
275,169.254.1.226,2025-03-08 16:01:00,Warning,1.96
276,169.254.1.226,2025-03-08 17:10:00,Danger,5.94
277,169.254.1.226,2025-03-08 10:46:00,Danger,5.22
278,169.254.1.223,2025-03-08 13:35:00,Warning,4.07
279,169.254.1.225,2025-03-08 17:42:00,Warning,4.21
280,169.254.1.223,2025-03-08 07:02:00,Warning,2.07
281,169.254.1.223,2025-03-08 13:45:00,Danger,4.27
282,169.254.1.224,2025-03-08 06:51:00,Warning,2.23
283,169.254.1.224,2025-03-08 19:25:00,Warning,1.71
284,169.254.1.225,2025-03-08 16:00:00,Danger,8.22
285,169.254.1.223,2025-03-08 19:12:00,Danger,8.4
286,169.254.1.224,2025-03-08 10:43:00,Warning,1.93
287,169.254.1.223,2025-03-08 15:13:00,Danger,4.05
288,169.254.1.224,2025-03-08 08:14:00,Danger,7.74
289,169.254.1.223,2025-03-08 16:02:00,Danger,4.05
290,169.254.1.223,2025-03-08 08:09:00,Warning,3.08
291,169.254.1.223,2025-03-08 14:07:00,Warning,2.59
292,169.254.1.223,2025-03-08 13:42:00,Warning,4.34
293,169.254.1.225,2025-03-08 18:24:00,Warning,4.1
294,169.254.1.226,2025-03-08 13:49:00,Warning,1.59
295,169.254.1.226,2025-03-08 12:51:00,Warning,1.82
296,169.254.1.224,2025-03-08 07:15:00,Warning,2.47
297,169.254.1.225,2025-03-08 07:07:00,Danger,6.75
298,169.254.1.226,2025-03-08 12:30:00,Warning,3.09
299,169.254.1.223,2025-03-08 14:37:00,Warning,1.8
300,169.254.1.224,2025-03-08 17:10:00,Warning,3.81
301,169.254.1.225,2025-03-08 13:20:00,Warning,2.19
302,169.254.1.225,2025-03-08 13:44:00,Warning,3.69
303,169.254.1.224,2025-03-08 13:17:00,Danger,4.53
304,169.254.1.223,2025-03-08 17:43:00,Warning,1.7
305,169.254.1.225,2025-03-08 07:35:00,Warning,3.73
306,169.254.1.225,2025-03-08 19:51:00,Danger,3.36
307,169.254.1.226,2025-03-08 17:26:00,Danger,5.12
308,169.254.1.225,2025-03-08 18:18:00,Danger,4.73
309,169.254.1.224,2025-03-08 12:00:00,Danger,6.04
310,169.254.1.225,2025-03-08 17:12:00,Warning,4.04
311,169.254.1.224,2025-03-08 15:29:00,Warning,3.79
312,169.254.1.223,2025-03-09 15:34:00,Warning,3.96
313,169.254.1.225,2025-03-09 16:23:00,Warning,3.99
314,169.254.1.225,2025-03-09 06:29:00,Danger,7.22
315,169.254.1.224,2025-03-09 11:47:00,Warning,2.04
316,169.254.1.223,2025-03-09 15:39:00,Warning,1.71
317,169.254.1.226,2025-03-09 07:33:00,Warning,2.15
318,169.254.1.225,2025-03-09 13:44:00,Danger,5.22
319,169.254.1.223,2025-03-09 19:15:00,Warning,3.29
320,169.254.1.223,2025-03-09 08:39:00,Danger,6.71
321,169.254.1.226,2025-03-09 10:38:00,Warning,2.77
322,169.254.1.223,2025-03-09 13:04:00,Danger,7.53
323,169.254.1.226,2025-03-09 11:53:00,Warning,2.35
324,169.254.1.226,2025-03-09 14:59:00,Warning,1.64
325,169.254.1.224,2025-03-09 16:13:00,Danger,4.23
326,169.254.1.225,2025-03-09 19:05:00,Danger,4.53
327,169.254.1.224,2025-03-09 08:02:00,Danger,7.48
328,169.254.1.225,2025-03-09 08:12:00,Warning,3.61
329,169.254.1.226,2025-03-09 07:13:00,Warning,3.73
330,169.254.1.225,2025-03-09 06:19:00,Warning,1.73
331,169.254.1.226,2025-03-09 15:49:00,Warning,2.71
332,169.254.1.225,2025-03-09 10:56:00,Danger,3.13
333,169.254.1.225,2025-03-09 08:55:00,Warning,3.35
334,169.254.1.226,2025-03-09 07:30:00,Warning,1.82
335,169.254.1.225,2025-03-09 16:03:00,Warning,1.74
336,169.254.1.224,2025-03-09 18:43:00,Danger,5.0
337,169.254.1.224,2025-03-09 07:18:00,Warning,1.84
338,169.254.1.224,2025-03-09 19:14:00,Danger,7.36
339,169.254.1.224,2025-03-09 10:01:00,Danger,4.54
340,169.254.1.223,2025-03-09 16:16:00,Danger,7.55
341,169.254.1.226,2025-03-09 09:01:00,Warning,3.38
342,169.254.1.225,2025-03-09 18:52:00,Warning,3.24
343,169.254.1.226,2025-03-09 16:42:00,Danger,5.64
344,169.254.1.223,2025-03-09 13:32:00,Warning,3.89
345,169.254.1.226,2025-03-09 12:00:00,Warning,2.43
346,169.254.1.223,2025-03-09 06:38:00,Danger,7.99
347,169.254.1.226,2025-03-09 17:00:00,Warning,4.07
348,169.254.1.223,2025-03-09 13:53:00,Warning,4.36
349,169.254.1.224,2025-03-09 13:40:00,Warning,3.21
350,169.254.1.223,2025-03-09 11:29:00,Warning,3.0
351,169.254.1.225,2025-03-09 13:41:00,Danger,8.39
352,169.254.1.223,2025-03-09 18:11:00,Danger,6.88
353,169.254.1.224,2025-03-09 10:13:00,Warning,4.47
354,169.254.1.225,2025-03-10 12:21:00,Warning,2.66
355,169.254.1.225,2025-03-10 17:35:00,Warning,3.87
356,169.254.1.226,2025-03-10 07:07:00,Danger,6.35
357,169.254.1.224,2025-03-10 10:50:00,Danger,8.11
358,169.254.1.225,2025-03-10 11:41:00,Danger,6.98
359,169.254.1.226,2025-03-10 11:17:00,Warning,3.6
360,169.254.1.225,2025-03-10 08:12:00,Warning,4.31
361,169.254.1.224,2025-03-10 15:32:00,Warning,3.87
362,169.254.1.223,2025-03-10 17:26:00,Warning,4.34
363,169.254.1.223,2025-03-10 17:01:00,Warning,3.03
364,169.254.1.225,2025-03-10 12:11:00,Danger,8.71
365,169.254.1.224,2025-03-10 19:04:00,Warning,2.18
366,169.254.1.223,2025-03-10 08:38:00,Danger,8.07
367,169.254.1.223,2025-03-10 14:39:00,Warning,4.01
368,169.254.1.224,2025-03-10 17:17:00,Danger,7.6
369,169.254.1.224,2025-03-10 16:11:00,Warning,1.99
370,169.254.1.224,2025-03-10 18:18:00,Warning,2.73
371,169.254.1.226,2025-03-10 13:34:00,Warning,3.76
372,169.254.1.226,2025-03-10 09:59:00,Warning,2.43
373,169.254.1.226,2025-03-10 09:18:00,Warning,4.34
374,169.254.1.226,2025-03-10 13:52:00,Warning,3.83
375,169.254.1.224,2025-03-10 08:45:00,Warning,3.9
376,169.254.1.225,2025-03-10 10:16:00,Danger,5.88
377,169.254.1.223,2025-03-10 15:27:00,Warning,3.63
378,169.254.1.226,2025-03-10 10:51:00,Danger,3.96
379,169.254.1.224,2025-03-10 14:45:00,Danger,5.62
380,169.254.1.223,2025-03-10 19:56:00,Warning,2.55
381,169.254.1.224,2025-03-10 13:04:00,Danger,6.01
382,169.254.1.223,2025-03-10 12:35:00,Warning,2.62
383,169.254.1.225,2025-03-10 11:26:00,Warning,4.02
384,169.254.1.226,2025-03-10 19:30:00,Danger,3.23
385,169.254.1.226,2025-03-10 17:52:00,Warning,3.78
386,169.254.1.223,2025-03-10 13:39:00,Warning,4.22
387,169.254.1.226,2025-03-10 10:22:00,Danger,3.9
388,169.254.1.223,2025-03-10 07:53:00,Warning,2.21
389,169.254.1.226,2025-03-10 06:48:00,Danger,6.83
390,169.254.1.223,2025-03-10 07:04:00,Danger,8.43
391,169.254.1.224,2025-03-10 16:47:00,Warning,2.23
392,169.254.1.226,2025-03-11 13:19:00,Danger,5.12
393,169.254.1.225,2025-03-11 09:11:00,Warning,1.76
394,169.254.1.223,2025-03-11 07:09:00,Warning,3.13
395,169.254.1.226,2025-03-11 12:39:00,Warning,1.63
396,169.254.1.223,2025-03-11 12:22:00,Danger,3.1
397,169.254.1.223,2025-03-11 11:53:00,Danger,6.94
398,169.254.1.224,2025-03-11 19:10:00,Warning,3.77
399,169.254.1.224,2025-03-11 06:45:00,Warning,2.52
400,169.254.1.226,2025-03-11 19:17:00,Warning,4.44
401,169.254.1.226,2025-03-11 16:46:00,Danger,3.81
402,169.254.1.224,2025-03-11 06:37:00,Danger,3.26
403,169.254.1.226,2025-03-11 06:42:00,Danger,4.86
404,169.254.1.224,2025-03-11 19:54:00,Warning,2.26
405,169.254.1.225,2025-03-11 10:52:00,Warning,3.84
406,169.254.1.226,2025-03-11 10:39:00,Danger,5.21
407,169.254.1.225,2025-03-11 18:41:00,Warning,4.37
408,169.254.1.225,2025-03-11 09:11:00,Warning,2.99
409,169.254.1.226,2025-03-11 19:40:00,Danger,5.55
410,169.254.1.225,2025-03-11 16:16:00,Warning,2.04
411,169.254.1.225,2025-03-11 11:28:00,Danger,4.97
412,169.254.1.224,2025-03-11 11:13:00,Warning,3.65
413,169.254.1.225,2025-03-11 17:46:00,Warning,2.84
414,169.254.1.223,2025-03-11 16:29:00,Warning,2.32
415,169.254.1.224,2025-03-11 07:16:00,Warning,2.72
416,169.254.1.226,2025-03-11 06:31:00,Danger,6.65
417,169.254.1.225,2025-03-11 06:35:00,Danger,4.42
418,169.254.1.224,2025-03-11 12:10:00,Warning,3.2
419,169.254.1.226,2025-03-11 17:35:00,Warning,2.61
420,169.254.1.225,2025-03-11 19:01:00,Danger,3.83
421,169.254.1.223,2025-03-11 12:47:00,Danger,4.67
422,169.254.1.226,2025-03-11 06:26:00,Warning,3.0
423,169.254.1.226,2025-03-11 15:35:00,Danger,7.65
424,169.254.1.226,2025-03-11 09:39:00,Warning,2.36
425,169.254.1.224,2025-03-12 08:05:00,Danger,3.44
426,169.254.1.225,2025-03-12 18:10:00,Warning,1.76
427,169.254.1.225,2025-03-12 17:23:00,Danger,3.39
428,169.254.1.224,2025-03-12 11:07:00,Warning,3.64
429,169.254.1.224,2025-03-12 19:32:00,Warning,2.17
430,169.254.1.223,2025-03-12 19:31:00,Danger,7.74
431,169.254.1.224,2025-03-12 12:09:00,Warning,2.61
432,169.254.1.226,2025-03-12 16:26:00,Warning,1.7
433,169.254.1.226,2025-03-12 18:14:00,Warning,3.08
434,169.254.1.223,2025-03-12 15:48:00,Danger,8.83
435,169.254.1.224,2025-03-12 13:40:00,Warning,3.05
436,169.254.1.224,2025-03-12 19:18:00,Warning,3.26
437,169.254.1.223,2025-03-12 13:23:00,Warning,4.1
438,169.254.1.225,2025-03-12 14:50:00,Danger,3.99
439,169.254.1.225,2025-03-12 18:06:00,Danger,8.68
440,169.254.1.225,2025-03-12 07:20:00,Danger,6.81
441,169.254.1.223,2025-03-12 08:08:00,Warning,3.34
442,169.254.1.224,2025-03-12 14:34:00,Warning,3.28
443,169.254.1.225,2025-03-12 08:55:00,Warning,3.66
444,169.254.1.223,2025-03-12 15:37:00,Danger,8.18
445,169.254.1.225,2025-03-12 06:46:00,Warning,3.81
446,169.254.1.223,2025-03-12 17:06:00,Danger,6.43
447,169.254.1.225,2025-03-12 14:29:00,Warning,3.14
448,169.254.1.226,2025-03-12 14:14:00,Danger,7.84
449,169.254.1.224,2025-03-12 11:04:00,Warning,3.57
450,169.254.1.225,2025-03-12 13:30:00,Warning,2.89
451,169.254.1.225,2025-03-12 16:21:00,Danger,8.17
452,169.254.1.223,2025-03-13 12:48:00,Danger,5.22
453,169.254.1.226,2025-03-13 11:26:00,Danger,3.74
454,169.254.1.226,2025-03-13 10:13:00,Danger,3.3
455,169.254.1.224,2025-03-13 16:30:00,Warning,4.39
456,169.254.1.225,2025-03-13 19:53:00,Danger,6.47
457,169.254.1.226,2025-03-13 09:14:00,Warning,2.99
458,169.254.1.223,2025-03-13 14:30:00,Warning,2.99
459,169.254.1.224,2025-03-13 12:42:00,Warning,4.4
460,169.254.1.226,2025-03-13 15:57:00,Warning,1.65
461,169.254.1.226,2025-03-13 16:11:00,Warning,3.46
462,169.254.1.226,2025-03-13 10:52:00,Warning,4.04
463,169.254.1.226,2025-03-13 08:17:00,Warning,3.68
464,169.254.1.224,2025-03-13 12:14:00,Danger,3.31
465,169.254.1.226,2025-03-13 12:11:00,Warning,1.72
466,169.254.1.223,2025-03-13 19:02:00,Warning,3.98
467,169.254.1.225,2025-03-13 08:11:00,Warning,2.68
468,169.254.1.224,2025-03-13 15:31:00,Warning,3.76
469,169.254.1.223,2025-03-13 16:16:00,Warning,3.0
470,169.254.1.226,2025-03-13 06:39:00,Danger,5.0
471,169.254.1.224,2025-03-13 14:51:00,Warning,3.32
472,169.254.1.226,2025-03-13 11:35:00,Warning,2.46
473,169.254.1.225,2025-03-13 16:31:00,Warning,2.4
474,169.254.1.225,2025-03-13 14:39:00,Warning,3.1
475,169.254.1.223,2025-03-13 14:06:00,Warning,2.61
476,169.254.1.223,2025-03-13 13:06:00,Warning,3.89
477,169.254.1.224,2025-03-13 16:11:00,Warning,4.4
478,169.254.1.226,2025-03-13 18:18:00,Danger,5.88
479,169.254.1.223,2025-03-13 08:31:00,Warning,2.23
480,169.254.1.224,2025-03-13 09:15:00,Danger,4.88
481,169.254.1.226,2025-03-13 13:02:00,Warning,2.73
482,169.254.1.224,2025-03-13 18:33:00,Warning,3.62
483,169.254.1.226,2025-03-13 15:34:00,Danger,6.97
484,169.254.1.225,2025-03-13 11:21:00,Warning,2.88
485,169.254.1.225,2025-03-13 15:19:00,Warning,3.82
486,169.254.1.225,2025-03-13 16:24:00,Warning,4.37
487,169.254.1.225,2025-03-13 15:31:00,Danger,8.65
488,169.254.1.226,2025-03-13 19:09:00,Danger,4.24
489,169.254.1.225,2025-03-14 14:11:00,Danger,8.6
490,169.254.1.226,2025-03-14 10:54:00,Danger,7.06
491,169.254.1.224,2025-03-14 12:44:00,Warning,4.36
492,169.254.1.223,2025-03-14 10:57:00,Danger,8.73
493,169.254.1.226,2025-03-14 11:54:00,Warning,3.47
494,169.254.1.225,2025-03-14 09:39:00,Danger,6.23
495,169.254.1.224,2025-03-14 08:20:00,Danger,7.45
496,169.254.1.224,2025-03-14 10:08:00,Danger,8.43
497,169.254.1.225,2025-03-14 16:53:00,Danger,3.6
498,169.254.1.224,2025-03-14 18:14:00,Warning,3.54
499,169.254.1.224,2025-03-14 06:05:00,Warning,4.43
500,169.254.1.226,2025-03-14 12:56:00,Warning,4.14
501,169.254.1.225,2025-03-14 14:08:00,Warning,3.77
502,169.254.1.223,2025-03-14 11:28:00,Danger,3.35
503,169.254.1.223,2025-03-14 17:07:00,Warning,3.11
504,169.254.1.223,2025-03-14 08:59:00,Warning,4.01
505,169.254.1.225,2025-03-14 12:46:00,Warning,2.06
506,169.254.1.223,2025-03-14 06:38:00,Danger,6.41
507,169.254.1.226,2025-03-14 11:43:00,Danger,8.93
508,169.254.1.224,2025-03-14 08:17:00,Warning,2.9
509,169.254.1.226,2025-03-14 19:48:00,Danger,3.97
510,169.254.1.225,2025-03-14 17:03:00,Danger,4.12
511,169.254.1.224,2025-03-14 19:29:00,Danger,7.05
512,169.254.1.226,2025-03-14 08:59:00,Warning,3.42
513,169.254.1.223,2025-03-14 13:17:00,Warning,1.76
514,169.254.1.224,2025-03-14 09:09:00,Warning,2.93
515,169.254.1.225,2025-03-14 06:06:00,Danger,4.41
516,169.254.1.223,2025-03-14 11:37:00,Danger,7.34
517,169.254.1.223,2025-03-14 10:27:00,Warning,3.58
518,169.254.1.226,2025-03-14 17:23:00,Danger,4.84
519,169.254.1.225,2025-03-14 17:42:00,Warning,4.19
520,169.254.1.225,2025-03-14 17:46:00,Danger,8.5
521,169.254.1.224,2025-03-14 12:16:00,Warning,2.16
522,169.254.1.225,2025-03-14 14:09:00,Danger,7.49
523,169.254.1.224,2025-03-14 13:05:00,Warning,4.24
524,169.254.1.223,2025-03-15 17:36:00,Warning,4.12
525,169.254.1.223,2025-03-15 14:58:00,Warning,3.61
526,169.254.1.224,2025-03-15 15:37:00,Danger,7.97
527,169.254.1.226,2025-03-15 15:46:00,Warning,1.99
528,169.254.1.226,2025-03-15 07:59:00,Warning,3.65
529,169.254.1.223,2025-03-15 07:33:00,Warning,2.84
530,169.254.1.223,2025-03-15 13:44:00,Danger,5.49
531,169.254.1.223,2025-03-15 15:32:00,Warning,3.92
532,169.254.1.224,2025-03-15 12:45:00,Danger,3.02
533,169.254.1.223,2025-03-15 15:52:00,Danger,5.54
534,169.254.1.223,2025-03-15 15:14:00,Warning,4.3
535,169.254.1.224,2025-03-15 14:03:00,Danger,5.45
536,169.254.1.226,2025-03-15 19:04:00,Warning,3.69
537,169.254.1.226,2025-03-15 12:23:00,Warning,2.65
538,169.254.1.224,2025-03-15 12:24:00,Danger,8.78
539,169.254.1.226,2025-03-15 17:09:00,Warning,1.86
540,169.254.1.223,2025-03-15 15:01:00,Danger,8.87
541,169.254.1.226,2025-03-15 18:54:00,Danger,4.79
542,169.254.1.226,2025-03-15 15:04:00,Warning,2.19
543,169.254.1.223,2025-03-15 11:54:00,Danger,4.13
544,169.254.1.223,2025-03-15 06:32:00,Warning,2.76
545,169.254.1.223,2025-03-15 10:06:00,Danger,3.61
546,169.254.1.223,2025-03-15 13:37:00,Warning,3.61
547,169.254.1.224,2025-03-15 10:10:00,Warning,2.71
548,169.254.1.223,2025-03-15 15:12:00,Danger,8.18
549,169.254.1.225,2025-03-15 08:23:00,Warning,2.37
550,169.254.1.225,2025-03-15 15:51:00,Warning,3.52
551,169.254.1.224,2025-03-15 10:02:00,Danger,3.86
552,169.254.1.224,2025-03-15 13:03:00,Danger,3.37
553,169.254.1.223,2025-03-15 16:41:00,Warning,3.17
554,169.254.1.225,2025-03-16 16:58:00,Warning,3.86
555,169.254.1.226,2025-03-16 17:53:00,Warning,1.95
556,169.254.1.224,2025-03-16 09:08:00,Warning,2.92
557,169.254.1.226,2025-03-16 11:07:00,Warning,1.93
558,169.254.1.224,2025-03-16 06:59:00,Warning,4.4
559,169.254.1.223,2025-03-16 12:37:00,Danger,4.22
560,169.254.1.224,2025-03-16 13:40:00,Warning,1.78
561,169.254.1.223,2025-03-16 06:52:00,Danger,7.04
562,169.254.1.224,2025-03-16 07:14:00,Danger,7.57
563,169.254.1.225,2025-03-16 14:10:00,Danger,8.44
564,169.254.1.223,2025-03-16 06:15:00,Danger,4.14
565,169.254.1.224,2025-03-16 18:44:00,Warning,2.94
566,169.254.1.224,2025-03-16 17:52:00,Warning,2.11
567,169.254.1.226,2025-03-16 15:25:00,Danger,4.7
568,169.254.1.225,2025-03-16 15:06:00,Warning,2.43
569,169.254.1.226,2025-03-16 14:45:00,Warning,2.9
570,169.254.1.225,2025-03-16 18:59:00,Warning,4.24
571,169.254.1.224,2025-03-16 11:20:00,Warning,3.19
572,169.254.1.226,2025-03-16 18:39:00,Danger,4.56
573,169.254.1.226,2025-03-16 11:02:00,Danger,4.98
574,169.254.1.225,2025-03-16 15:43:00,Warning,3.0
575,169.254.1.226,2025-03-16 10:23:00,Warning,2.97
576,169.254.1.224,2025-03-16 13:51:00,Danger,7.77
577,169.254.1.223,2025-03-16 08:23:00,Warning,2.96
578,169.254.1.223,2025-03-16 14:56:00,Danger,8.08
579,169.254.1.224,2025-03-16 19:02:00,Danger,3.82
580,169.254.1.226,2025-03-16 07:09:00,Warning,1.53
581,169.254.1.226,2025-03-16 12:22:00,Danger,6.83
582,169.254.1.226,2025-03-16 17:15:00,Warning,1.52
583,169.254.1.225,2025-03-16 06:12:00,Danger,7.33
584,169.254.1.226,2025-03-16 06:17:00,Warning,3.59
585,169.254.1.223,2025-03-16 19:45:00,Warning,2.04
586,169.254.1.225,2025-03-16 14:56:00,Danger,4.15
587,169.254.1.223,2025-03-16 19:54:00,Warning,3.88
588,169.254.1.224,2025-03-16 12:22:00,Warning,2.88
589,169.254.1.223,2025-03-16 17:53:00,Danger,7.1
590,169.254.1.223,2025-03-16 17:09:00,Warning,3.45
591,169.254.1.223,2025-03-17 12:55:00,Warning,3.16
592,169.254.1.226,2025-03-17 16:52:00,Danger,4.03
593,169.254.1.223,2025-03-17 13:24:00,Warning,2.49
594,169.254.1.226,2025-03-17 15:00:00,Warning,2.19
595,169.254.1.225,2025-03-17 10:37:00,Danger,3.45
596,169.254.1.225,2025-03-17 15:16:00,Warning,1.6
597,169.254.1.226,2025-03-17 06:16:00,Warning,3.26
598,169.254.1.226,2025-03-17 07:18:00,Danger,6.38
599,169.254.1.224,2025-03-17 17:33:00,Warning,2.5
600,169.254.1.225,2025-03-17 19:29:00,Warning,3.67
601,169.254.1.223,2025-03-17 06:54:00,Danger,4.39
602,169.254.1.226,2025-03-17 11:48:00,Warning,3.34
603,169.254.1.226,2025-03-17 19:12:00,Danger,6.8
604,169.254.1.226,2025-03-17 14:22:00,Danger,6.32
605,169.254.1.226,2025-03-17 13:22:00,Danger,6.52
606,169.254.1.224,2025-03-17 07:27:00,Warning,2.39
607,169.254.1.226,2025-03-17 18:10:00,Danger,4.61
608,169.254.1.226,2025-03-17 18:08:00,Warning,1.96
609,169.254.1.225,2025-03-17 11:24:00,Warning,1.77
610,169.254.1.224,2025-03-17 13:35:00,Warning,2.31
611,169.254.1.226,2025-03-18 09:11:00,Warning,3.17
612,169.254.1.223,2025-03-18 07:45:00,Danger,5.12
613,169.254.1.226,2025-03-18 16:11:00,Warning,2.47
614,169.254.1.223,2025-03-18 06:12:00,Danger,5.33
615,169.254.1.224,2025-03-18 18:22:00,Warning,4.22
616,169.254.1.224,2025-03-18 15:45:00,Warning,3.56
617,169.254.1.224,2025-03-18 08:22:00,Danger,4.61
618,169.254.1.225,2025-03-18 07:04:00,Danger,4.66
619,169.254.1.224,2025-03-18 14:15:00,Warning,2.58
620,169.254.1.224,2025-03-18 18:18:00,Warning,3.28
621,169.254.1.226,2025-03-18 13:48:00,Danger,4.83
622,169.254.1.225,2025-03-18 11:40:00,Warning,2.64
623,169.254.1.224,2025-03-18 13:30:00,Danger,7.89
624,169.254.1.224,2025-03-18 11:07:00,Danger,8.68
625,169.254.1.225,2025-03-18 14:10:00,Danger,8.79
626,169.254.1.224,2025-03-18 10:58:00,Warning,3.4
627,169.254.1.226,2025-03-18 11:33:00,Warning,3.95
628,169.254.1.224,2025-03-18 12:13:00,Danger,6.38
629,169.254.1.226,2025-03-18 17:38:00,Warning,1.58
630,169.254.1.223,2025-03-18 18:05:00,Danger,7.79
631,169.254.1.224,2025-03-19 17:29:00,Warning,3.4
632,169.254.1.226,2025-03-19 10:18:00,Warning,3.65
633,169.254.1.226,2025-03-19 07:15:00,Warning,3.29
634,169.254.1.226,2025-03-19 15:07:00,Warning,4.26
635,169.254.1.223,2025-03-19 15:16:00,Danger,8.81
636,169.254.1.225,2025-03-19 07:51:00,Warning,3.47
637,169.254.1.226,2025-03-19 08:50:00,Warning,1.63
638,169.254.1.223,2025-03-19 18:50:00,Danger,7.78
639,169.254.1.224,2025-03-19 06:10:00,Danger,4.33
640,169.254.1.224,2025-03-19 13:36:00,Warning,2.89
641,169.254.1.225,2025-03-19 11:53:00,Warning,2.95
642,169.254.1.224,2025-03-19 13:05:00,Warning,1.76
643,169.254.1.224,2025-03-19 11:56:00,Danger,5.73
644,169.254.1.226,2025-03-19 14:53:00,Warning,2.93
645,169.254.1.225,2025-03-19 18:19:00,Warning,2.46
646,169.254.1.225,2025-03-19 06:45:00,Warning,1.85
647,169.254.1.224,2025-03-19 17:03:00,Danger,7.8
648,169.254.1.226,2025-03-19 14:48:00,Danger,3.96
649,169.254.1.224,2025-03-19 13:53:00,Danger,5.43
650,169.254.1.223,2025-03-19 09:10:00,Warning,2.8
651,169.254.1.226,2025-03-19 18:35:00,Warning,2.09
652,169.254.1.225,2025-03-19 12:38:00,Danger,4.29
653,169.254.1.223,2025-03-19 18:50:00,Warning,3.89
654,169.254.1.225,2025-03-19 19:38:00,Warning,2.06
655,169.254.1.226,2025-03-19 09:21:00,Warning,2.29
656,169.254.1.226,2025-03-19 15:00:00,Warning,2.44
657,169.254.1.225,2025-03-19 16:25:00,Warning,1.84
658,169.254.1.225,2025-03-19 13:48:00,Warning,3.94
659,169.254.1.225,2025-03-19 16:29:00,Warning,3.52
660,169.254.1.225,2025-03-19 08:00:00,Danger,3.7
661,169.254.1.224,2025-03-19 17:50:00,Danger,5.33
662,169.254.1.224,2025-03-19 15:48:00,Warning,2.06
663,169.254.1.224,2025-03-19 15:28:00,Danger,4.73
664,169.254.1.225,2025-03-19 11:22:00,Warning,3.36
665,169.254.1.226,2025-03-19 06:09:00,Warning,2.09
666,169.254.1.226,2025-03-19 15:35:00,Warning,2.98
667,169.254.1.224,2025-03-19 13:05:00,Warning,2.83
668,169.254.1.224,2025-03-19 07:24:00,Warning,3.89
669,169.254.1.225,2025-03-19 10:59:00,Danger,4.35
670,169.254.1.226,2025-03-19 08:52:00,Warning,3.2
671,169.254.1.225,2025-03-19 15:22:00,Warning,3.22
672,169.254.1.226,2025-03-20 12:15:00,Warning,3.77
673,169.254.1.224,2025-03-20 15:19:00,Danger,5.55
674,169.254.1.225,2025-03-20 11:04:00,Warning,1.6
675,169.254.1.223,2025-03-20 11:56:00,Warning,1.76
676,169.254.1.225,2025-03-20 19:14:00,Warning,2.13
677,169.254.1.224,2025-03-20 18:07:00,Warning,2.78
678,169.254.1.223,2025-03-20 19:23:00,Danger,4.24
679,169.254.1.224,2025-03-20 15:43:00,Warning,2.34
680,169.254.1.225,2025-03-20 11:31:00,Warning,2.38
681,169.254.1.223,2025-03-20 14:46:00,Warning,3.54
682,169.254.1.223,2025-03-20 08:18:00,Warning,3.86
683,169.254.1.224,2025-03-20 10:43:00,Warning,1.88
684,169.254.1.224,2025-03-20 10:15:00,Danger,4.93
685,169.254.1.224,2025-03-20 18:59:00,Warning,2.68
686,169.254.1.226,2025-03-20 15:51:00,Warning,3.38
687,169.254.1.223,2025-03-20 13:42:00,Danger,7.77
688,169.254.1.225,2025-03-20 12:52:00,Warning,2.33
689,169.254.1.223,2025-03-20 13:45:00,Warning,2.48
690,169.254.1.226,2025-03-20 19:12:00,Warning,1.78
691,169.254.1.223,2025-03-20 16:50:00,Warning,2.57
692,169.254.1.226,2025-03-20 19:34:00,Warning,2.15
693,169.254.1.225,2025-03-20 09:36:00,Warning,2.47
694,169.254.1.226,2025-03-20 11:45:00,Warning,1.89
695,169.254.1.223,2025-03-20 19:27:00,Danger,7.1
696,169.254.1.226,2025-03-20 06:47:00,Danger,7.7
697,169.254.1.226,2025-03-20 06:16:00,Danger,8.15
698,169.254.1.224,2025-03-20 13:47:00,Danger,8.75
699,169.254.1.225,2025-03-20 17:45:00,Warning,4.15
700,169.254.1.223,2025-03-20 08:42:00,Warning,4.13
701,169.254.1.224,2025-03-20 17:10:00,Warning,1.75
702,169.254.1.224,2025-03-20 06:53:00,Warning,2.42
703,169.254.1.223,2025-03-20 13:19:00,Warning,3.61
704,169.254.1.224,2025-03-20 09:38:00,Warning,1.9
705,169.254.1.225,2025-03-20 14:51:00,Warning,1.53
706,169.254.1.224,2025-03-20 19:56:00,Danger,8.16
707,169.254.1.223,2025-03-20 14:09:00,Danger,5.3
708,169.254.1.224,2025-03-20 07:45:00,Danger,8.29
709,169.254.1.224,2025-03-20 12:31:00,Warning,3.76
710,169.254.1.223,2025-03-20 16:56:00,Warning,1.93
711,169.254.1.224,2025-03-20 16:24:00,Warning,2.82
712,169.254.1.226,2025-03-20 16:43:00,Warning,4.26
713,169.254.1.223,2025-03-20 09:42:00,Danger,3.6
714,169.254.1.226,2025-03-20 16:03:00,Warning,2.55
715,169.254.1.223,2025-03-20 11:22:00,Warning,2.24
716,169.254.1.225,2025-03-20 10:14:00,Warning,3.3
717,169.254.1.225,2025-03-20 19:17:00,Warning,1.58
718,169.254.1.226,2025-03-20 09:30:00,Warning,3.03
719,169.254.1.224,2025-03-20 11:02:00,Warning,3.85
720,169.254.1.223,2025-03-20 14:26:00,Warning,2.22
721,169.254.1.224,2025-03-21 06:12:00,Warning,4.3
722,169.254.1.225,2025-03-21 12:36:00,Warning,3.21
723,169.254.1.223,2025-03-21 15:19:00,Warning,3.79
724,169.254.1.224,2025-03-21 06:17:00,Warning,1.54
725,169.254.1.226,2025-03-21 06:40:00,Warning,4.35
726,169.254.1.226,2025-03-21 14:38:00,Danger,7.28
727,169.254.1.224,2025-03-21 13:13:00,Warning,1.75
728,169.254.1.224,2025-03-21 10:44:00,Danger,3.47
729,169.254.1.223,2025-03-21 19:47:00,Danger,4.96
730,169.254.1.224,2025-03-21 11:17:00,Warning,3.69
731,169.254.1.223,2025-03-21 06:59:00,Danger,8.55
732,169.254.1.224,2025-03-21 13:44:00,Warning,1.67
733,169.254.1.223,2025-03-21 08:02:00,Danger,3.82
734,169.254.1.225,2025-03-21 08:47:00,Warning,2.54
735,169.254.1.225,2025-03-21 08:50:00,Warning,3.75
736,169.254.1.223,2025-03-21 18:30:00,Warning,3.81
737,169.254.1.223,2025-03-21 11:43:00,Warning,2.32
738,169.254.1.223,2025-03-21 10:29:00,Warning,3.23
739,169.254.1.226,2025-03-21 14:28:00,Warning,2.58
740,169.254.1.223,2025-03-21 15:40:00,Danger,3.94
741,169.254.1.223,2025-03-21 15:47:00,Warning,1.85
742,169.254.1.223,2025-03-21 06:45:00,Warning,1.54
743,169.254.1.224,2025-03-21 14:03:00,Warning,4.26
744,169.254.1.226,2025-03-21 06:36:00,Warning,4.24
745,169.254.1.225,2025-03-21 09:49:00,Danger,5.5
746,169.254.1.223,2025-03-21 10:37:00,Warning,3.21
747,169.254.1.224,2025-03-21 14:34:00,Warning,1.66
748,169.254.1.226,2025-03-21 19:43:00,Warning,1.64
749,169.254.1.225,2025-03-21 07:10:00,Warning,4.1
750,169.254.1.225,2025-03-21 11:35:00,Danger,5.74
751,169.254.1.224,2025-03-21 09:25:00,Danger,7.71
752,169.254.1.224,2025-03-21 13:55:00,Warning,4.42
753,169.254.1.224,2025-03-21 18:30:00,Warning,3.78
754,169.254.1.224,2025-03-21 08:34:00,Danger,5.46
755,169.254.1.223,2025-03-21 15:14:00,Danger,8.04
756,169.254.1.225,2025-03-21 11:43:00,Danger,6.94
757,169.254.1.226,2025-03-21 07:46:00,Danger,8.9
758,169.254.1.224,2025-03-21 14:23:00,Warning,4.42
759,169.254.1.224,2025-03-21 18:08:00,Danger,3.26
760,169.254.1.226,2025-03-21 14:52:00,Warning,4.19
761,169.254.1.224,2025-03-21 18:45:00,Danger,3.57
762,169.254.1.223,2025-03-21 16:52:00,Warning,1.72
763,169.254.1.225,2025-03-21 13:25:00,Warning,1.89
764,169.254.1.226,2025-03-21 10:27:00,Warning,4.28
765,169.254.1.226,2025-03-21 17:57:00,Warning,2.48
766,169.254.1.224,2025-03-21 10:38:00,Danger,8.66
767,169.254.1.223,2025-03-21 19:18:00,Warning,1.83
768,169.254.1.223,2025-03-21 08:48:00,Warning,2.44
769,169.254.1.225,2025-03-22 12:06:00,Warning,2.12
770,169.254.1.224,2025-03-22 13:54:00,Danger,3.72
771,169.254.1.223,2025-03-22 19:46:00,Warning,3.98
772,169.254.1.223,2025-03-22 09:40:00,Warning,2.48
773,169.254.1.223,2025-03-22 18:08:00,Danger,5.13
774,169.254.1.224,2025-03-22 17:33:00,Danger,7.92
775,169.254.1.224,2025-03-22 06:31:00,Warning,4.06
776,169.254.1.224,2025-03-22 07:36:00,Warning,3.91
777,169.254.1.224,2025-03-22 08:04:00,Danger,7.98
778,169.254.1.223,2025-03-22 08:13:00,Danger,5.4
779,169.254.1.223,2025-03-22 15:56:00,Warning,4.25
780,169.254.1.226,2025-03-22 06:22:00,Warning,2.09
781,169.254.1.225,2025-03-22 19:48:00,Danger,8.43
782,169.254.1.224,2025-03-22 08:05:00,Danger,5.77
783,169.254.1.226,2025-03-22 15:47:00,Warning,3.67
784,169.254.1.225,2025-03-22 06:30:00,Warning,2.78
785,169.254.1.226,2025-03-22 09:39:00,Warning,2.32
786,169.254.1.224,2025-03-22 08:32:00,Danger,6.72
787,169.254.1.226,2025-03-22 17:02:00,Danger,5.47
788,169.254.1.226,2025-03-22 07:02:00,Danger,5.3
789,169.254.1.224,2025-03-22 09:24:00,Warning,3.89
790,169.254.1.223,2025-03-22 16:45:00,Warning,3.13
791,169.254.1.226,2025-03-22 12:31:00,Warning,2.58
792,169.254.1.226,2025-03-22 11:52:00,Warning,3.01
793,169.254.1.224,2025-03-22 10:36:00,Danger,4.91
794,169.254.1.223,2025-03-22 06:30:00,Warning,3.84
795,169.254.1.224,2025-03-22 19:48:00,Warning,3.09
796,169.254.1.225,2025-03-22 08:43:00,Danger,6.94
797,169.254.1.223,2025-03-22 15:06:00,Warning,4.25
798,169.254.1.226,2025-03-22 19:02:00,Warning,2.16
799,169.254.1.224,2025-03-22 12:03:00,Warning,4.47
800,169.254.1.225,2025-03-22 09:00:00,Danger,4.91
801,169.254.1.224,2025-03-22 16:05:00,Danger,7.2
802,169.254.1.226,2025-03-22 15:36:00,Warning,4.01
803,169.254.1.223,2025-03-22 15:15:00,Danger,5.94
804,169.254.1.226,2025-03-22 06:57:00,Danger,4.31
805,169.254.1.224,2025-03-22 06:00:00,Danger,6.68
806,169.254.1.225,2025-03-22 11:48:00,Warning,4.26
807,169.254.1.224,2025-03-22 07:00:00,Danger,6.52
808,169.254.1.225,2025-03-22 19:12:00,Danger,6.16
809,169.254.1.226,2025-03-22 07:14:00,Warning,4.33
810,169.254.1.224,2025-03-22 16:00:00,Danger,4.81
811,169.254.1.226,2025-03-22 08:41:00,Warning,2.81
812,169.254.1.225,2025-03-22 17:04:00,Danger,7.24
813,169.254.1.226,2025-03-22 09:48:00,Warning,3.94
814,169.254.1.224,2025-03-22 11:14:00,Warning,2.38
815,169.254.1.226,2025-03-22 18:26:00,Danger,7.21
816,169.254.1.225,2025-03-22 19:09:00,Warning,1.6
817,169.254.1.223,2025-03-22 19:48:00,Warning,2.16
818,169.254.1.225,2025-03-23 08:24:00,Danger,3.47
819,169.254.1.223,2025-03-23 11:27:00,Danger,8.31
820,169.254.1.225,2025-03-23 18:05:00,Warning,3.69
821,169.254.1.223,2025-03-23 13:37:00,Danger,4.26
822,169.254.1.223,2025-03-23 11:58:00,Danger,3.65
823,169.254.1.224,2025-03-23 06:49:00,Warning,3.7
824,169.254.1.226,2025-03-23 13:03:00,Warning,2.64
825,169.254.1.224,2025-03-23 07:43:00,Warning,3.87
826,169.254.1.223,2025-03-23 08:46:00,Warning,3.9
827,169.254.1.223,2025-03-23 11:01:00,Danger,4.57
828,169.254.1.224,2025-03-23 07:15:00,Danger,8.33
829,169.254.1.223,2025-03-23 18:29:00,Danger,8.65
830,169.254.1.226,2025-03-23 11:46:00,Warning,3.34
831,169.254.1.224,2025-03-23 18:01:00,Danger,8.65
832,169.254.1.223,2025-03-23 16:21:00,Warning,1.97
833,169.254.1.225,2025-03-23 11:39:00,Danger,4.14
834,169.254.1.223,2025-03-23 17:16:00,Danger,4.43
835,169.254.1.224,2025-03-23 12:42:00,Warning,4.02
836,169.254.1.225,2025-03-23 06:55:00,Warning,2.78
837,169.254.1.223,2025-03-23 17:17:00,Warning,2.94
838,169.254.1.223,2025-03-23 06:26:00,Danger,6.83
839,169.254.1.226,2025-03-23 14:04:00,Warning,2.43
840,169.254.1.223,2025-03-23 14:02:00,Warning,3.48
841,169.254.1.226,2025-03-23 16:57:00,Warning,2.05
842,169.254.1.226,2025-03-23 12:18:00,Danger,3.27
843,169.254.1.223,2025-03-23 13:56:00,Danger,8.02
844,169.254.1.223,2025-03-23 08:34:00,Warning,3.5
845,169.254.1.224,2025-03-23 17:24:00,Danger,6.25
846,169.254.1.226,2025-03-23 15:26:00,Danger,5.32
847,169.254.1.224,2025-03-23 15:08:00,Warning,4.31
848,169.254.1.223,2025-03-23 14:07:00,Danger,5.37
849,169.254.1.224,2025-03-23 14:34:00,Warning,3.05
850,169.254.1.224,2025-03-23 08:03:00,Warning,2.85
851,169.254.1.226,2025-03-23 09:36:00,Warning,1.88
852,169.254.1.224,2025-03-23 07:20:00,Warning,2.81
853,169.254.1.223,2025-03-23 16:09:00,Danger,8.46
854,169.254.1.225,2025-03-23 07:29:00,Warning,2.69
855,169.254.1.223,2025-03-23 10:42:00,Warning,4.25
856,169.254.1.226,2025-03-23 19:25:00,Warning,3.26
857,169.254.1.223,2025-03-23 07:55:00,Warning,1.94
858,169.254.1.225,2025-03-23 07:48:00,Warning,1.8
859,169.254.1.225,2025-03-23 15:08:00,Warning,4.13
860,169.254.1.226,2025-03-23 12:32:00,Warning,3.22
861,169.254.1.226,2025-03-23 06:38:00,Danger,5.42
862,169.254.1.224,2025-03-23 06:39:00,Warning,4.14
863,169.254.1.225,2025-03-23 06:50:00,Warning,4.26
864,169.254.1.225,2025-03-24 11:45:00,Warning,2.41
865,169.254.1.224,2025-03-24 14:23:00,Warning,3.55
866,169.254.1.225,2025-03-24 08:17:00,Danger,7.46
867,169.254.1.223,2025-03-24 10:35:00,Warning,3.31
868,169.254.1.226,2025-03-24 09:12:00,Warning,4.24
869,169.254.1.225,2025-03-24 18:38:00,Warning,3.05
870,169.254.1.223,2025-03-24 20:00:00,Danger,7.75
871,169.254.1.223,2025-03-24 11:18:00,Warning,2.71
872,169.254.1.223,2025-03-24 08:57:00,Danger,8.0
873,169.254.1.225,2025-03-24 10:15:00,Danger,3.3
874,169.254.1.226,2025-03-24 18:01:00,Danger,5.21
875,169.254.1.223,2025-03-24 14:37:00,Warning,4.27
876,169.254.1.224,2025-03-24 10:07:00,Warning,3.28
877,169.254.1.224,2025-03-24 14:05:00,Warning,2.55
878,169.254.1.225,2025-03-24 10:24:00,Warning,3.57
879,169.254.1.224,2025-03-24 06:28:00,Warning,1.99
880,169.254.1.226,2025-03-25 17:02:00,Danger,4.24
881,169.254.1.223,2025-03-25 14:45:00,Danger,7.68
882,169.254.1.223,2025-03-25 14:05:00,Warning,3.44
883,169.254.1.225,2025-03-25 09:49:00,Danger,7.83
884,169.254.1.226,2025-03-25 18:09:00,Warning,3.43
885,169.254.1.224,2025-03-25 12:25:00,Warning,2.88
886,169.254.1.226,2025-03-25 13:57:00,Danger,6.12
887,169.254.1.225,2025-03-25 15:58:00,Danger,6.07
888,169.254.1.225,2025-03-25 15:34:00,Warning,3.33
889,169.254.1.225,2025-03-25 17:40:00,Danger,3.38
890,169.254.1.225,2025-03-25 16:55:00,Danger,4.66
891,169.254.1.223,2025-03-25 09:12:00,Danger,7.59
892,169.254.1.226,2025-03-25 19:44:00,Warning,3.93
893,169.254.1.223,2025-03-25 17:16:00,Danger,3.84
894,169.254.1.226,2025-03-25 17:11:00,Warning,2.39
895,169.254.1.224,2025-03-25 12:54:00,Warning,1.61
896,169.254.1.226,2025-03-25 11:51:00,Warning,2.17
897,169.254.1.224,2025-03-25 17:27:00,Warning,2.4
898,169.254.1.223,2025-03-25 17:13:00,Warning,2.04
899,169.254.1.224,2025-03-25 14:02:00,Danger,4.55
900,169.254.1.224,2025-03-25 17:36:00,Warning,3.46
901,169.254.1.226,2025-03-25 12:03:00,Danger,8.23
902,169.254.1.225,2025-03-25 19:27:00,Warning,2.62
903,169.254.1.223,2025-03-25 13:54:00,Warning,2.91
904,169.254.1.226,2025-03-25 14:03:00,Warning,3.0
905,169.254.1.224,2025-03-25 15:02:00,Danger,3.32
906,169.254.1.226,2025-03-25 08:20:00,Warning,2.53
907,169.254.1.223,2025-03-25 08:26:00,Danger,7.29
908,169.254.1.225,2025-03-25 14:19:00,Danger,8.92
909,169.254.1.224,2025-03-26 06:59:00,Danger,4.64
910,169.254.1.223,2025-03-26 15:50:00,Warning,2.97
911,169.254.1.226,2025-03-26 08:12:00,Warning,3.4
912,169.254.1.223,2025-03-26 13:19:00,Warning,2.65
913,169.254.1.223,2025-03-26 15:06:00,Danger,5.24
914,169.254.1.223,2025-03-26 11:29:00,Warning,3.09
915,169.254.1.224,2025-03-26 17:32:00,Danger,7.4
916,169.254.1.223,2025-03-26 17:50:00,Warning,2.44
917,169.254.1.223,2025-03-26 12:32:00,Warning,2.42
918,169.254.1.225,2025-03-26 06:46:00,Danger,4.74
919,169.254.1.225,2025-03-26 13:24:00,Warning,4.49
920,169.254.1.226,2025-03-26 14:21:00,Warning,2.07
921,169.254.1.224,2025-03-26 06:19:00,Danger,7.36
922,169.254.1.224,2025-03-26 09:36:00,Warning,3.27
923,169.254.1.223,2025-03-26 08:06:00,Warning,3.45
924,169.254.1.223,2025-03-26 12:24:00,Warning,2.27
925,169.254.1.223,2025-03-26 16:08:00,Warning,3.49
926,169.254.1.226,2025-03-26 06:49:00,Warning,2.75
927,169.254.1.224,2025-03-26 08:06:00,Warning,2.92
928,169.254.1.225,2025-03-26 09:30:00,Warning,3.39
929,169.254.1.225,2025-03-26 13:10:00,Warning,3.49
930,169.254.1.223,2025-03-26 16:37:00,Warning,1.91
931,169.254.1.223,2025-03-26 14:43:00,Warning,1.85
932,169.254.1.224,2025-03-26 19:23:00,Danger,4.19
933,169.254.1.224,2025-03-26 19:16:00,Danger,6.14
934,169.254.1.223,2025-03-26 12:06:00,Warning,2.39
935,169.254.1.226,2025-03-26 15:21:00,Warning,2.12
936,169.254.1.223,2025-03-26 11:38:00,Danger,3.08
937,169.254.1.224,2025-03-26 07:53:00,Warning,3.51
938,169.254.1.223,2025-03-26 07:32:00,Warning,1.73
939,169.254.1.225,2025-03-26 10:22:00,Warning,2.87
940,169.254.1.224,2025-03-26 10:30:00,Warning,1.8
941,169.254.1.225,2025-03-26 06:40:00,Warning,2.58
942,169.254.1.223,2025-03-26 13:16:00,Warning,1.78
943,169.254.1.224,2025-03-26 06:09:00,Warning,3.49
944,169.254.1.225,2025-03-26 11:36:00,Warning,2.81
945,169.254.1.224,2025-03-26 18:30:00,Danger,7.89
946,169.254.1.225,2025-03-26 07:56:00,Warning,4.39
947,169.254.1.226,2025-03-26 12:34:00,Warning,2.93
948,169.254.1.224,2025-03-26 17:04:00,Warning,2.0
949,169.254.1.224,2025-03-26 17:52:00,Warning,4.44
950,169.254.1.226,2025-03-26 07:46:00,Warning,3.27
951,169.254.1.223,2025-03-26 09:05:00,Warning,3.84
952,169.254.1.224,2025-03-26 17:40:00,Warning,3.68
953,169.254.1.226,2025-03-26 14:14:00,Warning,1.84
954,169.254.1.225,2025-03-26 13:31:00,Danger,4.57
955,169.254.1.224,2025-03-26 06:12:00,Warning,3.53
956,169.254.1.223,2025-03-26 17:25:00,Warning,3.06
957,169.254.1.225,2025-03-26 13:23:00,Warning,2.25
958,169.254.1.223,2025-03-26 17:19:00,Warning,2.65
959,169.254.1.226,2025-03-26 06:11:00,Warning,1.97
960,169.254.1.226,2025-03-26 14:27:00,Warning,1.72
961,169.254.1.223,2025-03-26 11:28:00,Danger,8.82
962,169.254.1.226,2025-03-26 14:39:00,Danger,6.86
963,169.254.1.226,2025-03-26 19:56:00,Danger,5.75
964,169.254.1.226,2025-03-27 14:30:00,Warning,1.86
965,169.254.1.226,2025-03-27 18:43:00,Warning,1.81
966,169.254.1.223,2025-03-27 06:36:00,Warning,1.5
967,169.254.1.225,2025-03-27 19:30:00,Warning,3.36
968,169.254.1.226,2025-03-27 14:40:00,Warning,3.46
969,169.254.1.224,2025-03-27 11:49:00,Warning,1.66
970,169.254.1.226,2025-03-27 13:45:00,Danger,7.6
971,169.254.1.223,2025-03-27 18:13:00,Warning,3.65
972,169.254.1.225,2025-03-27 07:39:00,Warning,2.17
973,169.254.1.225,2025-03-27 12:03:00,Warning,4.39
974,169.254.1.223,2025-03-27 15:20:00,Warning,3.61
975,169.254.1.226,2025-03-27 08:48:00,Warning,3.97
976,169.254.1.223,2025-03-27 07:49:00,Danger,4.18
977,169.254.1.224,2025-03-27 12:42:00,Danger,7.95
978,169.254.1.223,2025-03-27 18:13:00,Danger,7.54
979,169.254.1.226,2025-03-27 16:48:00,Warning,3.27
980,169.254.1.224,2025-03-27 13:48:00,Warning,4.37
981,169.254.1.226,2025-03-27 14:30:00,Danger,7.42
982,169.254.1.224,2025-03-27 15:59:00,Warning,3.02
983,169.254.1.224,2025-03-27 17:48:00,Warning,3.69
984,169.254.1.225,2025-03-28 12:36:00,Warning,3.32
985,169.254.1.224,2025-03-28 14:36:00,Warning,2.76
986,169.254.1.225,2025-03-28 10:40:00,Warning,2.53
987,169.254.1.225,2025-03-28 13:43:00,Warning,1.91
988,169.254.1.224,2025-03-28 17:58:00,Warning,2.44
989,169.254.1.225,2025-03-28 09:25:00,Danger,7.29
990,169.254.1.224,2025-03-28 17:28:00,Danger,7.26
991,169.254.1.223,2025-03-28 14:35:00,Warning,3.41
992,169.254.1.226,2025-03-28 18:59:00,Warning,2.94
993,169.254.1.225,2025-03-28 17:30:00,Warning,4.02
994,169.254.1.223,2025-03-28 13:12:00,Warning,3.07
995,169.254.1.224,2025-03-28 12:30:00,Danger,7.02
996,169.254.1.225,2025-03-28 10:33:00,Warning,1.98
997,169.254.1.225,2025-03-28 17:39:00,Danger,8.04
998,169.254.1.226,2025-03-28 09:28:00,Warning,1.6
999,169.254.1.224,2025-03-28 07:44:00,Warning,3.53
1000,169.254.1.225,2025-03-28 18:40:00,Warning,2.67
1001,169.254.1.226,2025-03-28 17:49:00,Warning,4.28
1002,169.254.1.225,2025-03-28 13:06:00,Warning,4.43
1003,169.254.1.224,2025-03-28 15:25:00,Danger,7.46
1004,169.254.1.226,2025-03-28 16:35:00,Warning,4.08
1005,169.254.1.224,2025-03-29 16:48:00,Warning,3.44
1006,169.254.1.226,2025-03-29 19:14:00,Warning,2.08
1007,169.254.1.224,2025-03-29 09:01:00,Warning,1.72
1008,169.254.1.226,2025-03-29 18:32:00,Warning,2.63
1009,169.254.1.225,2025-03-29 10:45:00,Warning,1.89
1010,169.254.1.224,2025-03-29 06:05:00,Danger,7.26
1011,169.254.1.223,2025-03-29 06:40:00,Danger,4.94
1012,169.254.1.225,2025-03-29 19:12:00,Warning,3.35
1013,169.254.1.223,2025-03-29 14:22:00,Warning,3.15
1014,169.254.1.224,2025-03-29 19:22:00,Warning,3.08
1015,169.254.1.226,2025-03-29 14:53:00,Danger,6.03
1016,169.254.1.224,2025-03-29 15:16:00,Warning,1.78
1017,169.254.1.225,2025-03-29 09:38:00,Warning,2.49
1018,169.254.1.226,2025-03-29 09:43:00,Warning,3.35
1019,169.254.1.223,2025-03-29 15:34:00,Warning,4.44
1020,169.254.1.224,2025-03-29 07:57:00,Warning,2.84
1021,169.254.1.223,2025-03-29 06:40:00,Warning,2.46
1022,169.254.1.223,2025-03-29 12:35:00,Danger,7.34
1023,169.254.1.226,2025-03-29 14:49:00,Warning,2.62
1024,169.254.1.224,2025-03-29 14:18:00,Danger,8.39
1025,169.254.1.224,2025-03-29 11:28:00,Warning,4.34
1026,169.254.1.223,2025-03-29 19:11:00,Warning,1.52
1027,169.254.1.226,2025-03-29 09:35:00,Warning,3.82
1028,169.254.1.226,2025-03-29 07:46:00,Danger,7.97
1029,169.254.1.224,2025-03-29 17:02:00,Warning,1.72
1030,169.254.1.223,2025-03-29 06:24:00,Warning,2.5
1031,169.254.1.223,2025-03-29 07:15:00,Danger,7.77
1032,169.254.1.226,2025-03-29 15:48:00,Warning,4.23
1033,169.254.1.225,2025-03-29 12:37:00,Warning,2.71
1034,169.254.1.223,2025-03-30 12:38:00,Warning,3.1
1035,169.254.1.223,2025-03-30 18:54:00,Warning,1.64
1036,169.254.1.225,2025-03-30 12:06:00,Warning,1.82
1037,169.254.1.226,2025-03-30 16:21:00,Danger,7.59
1038,169.254.1.226,2025-03-30 12:30:00,Warning,3.48
1039,169.254.1.226,2025-03-30 08:40:00,Warning,1.91
1040,169.254.1.224,2025-03-30 19:35:00,Warning,3.14
1041,169.254.1.225,2025-03-30 11:05:00,Warning,4.24
1042,169.254.1.223,2025-03-30 06:11:00,Warning,3.17
1043,169.254.1.223,2025-03-30 06:42:00,Danger,6.58
1044,169.254.1.225,2025-03-30 11:12:00,Danger,7.45
1045,169.254.1.224,2025-03-30 09:36:00,Warning,3.44
1046,169.254.1.225,2025-03-30 08:44:00,Danger,6.7
1047,169.254.1.223,2025-03-30 09:18:00,Danger,7.03
1048,169.254.1.226,2025-03-30 18:49:00,Warning,4.48
1049,169.254.1.223,2025-03-30 17:00:00,Warning,2.37
1050,169.254.1.225,2025-03-31 07:40:00,Danger,6.48
1051,169.254.1.223,2025-03-31 12:05:00,Danger,6.93
1052,169.254.1.225,2025-03-31 10:51:00,Warning,4.2
1053,169.254.1.225,2025-03-31 14:17:00,Warning,3.35
1054,169.254.1.225,2025-03-31 17:50:00,Warning,3.2
1055,169.254.1.223,2025-03-31 19:47:00,Danger,5.57
1056,169.254.1.226,2025-03-31 11:20:00,Danger,4.33
1057,169.254.1.225,2025-03-31 10:43:00,Warning,1.9
1058,169.254.1.225,2025-03-31 14:11:00,Warning,2.58
1059,169.254.1.223,2025-03-31 14:18:00,Warning,2.03
1060,169.254.1.224,2025-03-31 10:47:00,Warning,1.92
1061,169.254.1.223,2025-03-31 10:29:00,Warning,3.38
1062,169.254.1.226,2025-03-31 06:19:00,Warning,3.39
1063,169.254.1.225,2025-03-31 19:07:00,Warning,4.22
1064,169.254.1.224,2025-03-31 15:16:00,Warning,3.12
1065,169.254.1.225,2025-03-31 12:14:00,Warning,4.17
1066,169.254.1.226,2025-03-31 08:17:00,Warning,3.03
1067,169.254.1.224,2025-03-31 12:12:00,Warning,3.49
1068,169.254.1.224,2025-03-31 18:55:00,Warning,2.84
1069,169.254.1.224,2025-03-31 15:39:00,Warning,3.48
1070,169.254.1.223,2025-03-31 18:33:00,Warning,4.32
1071,169.254.1.225,2025-03-31 09:44:00,Warning,2.2
1072,169.254.1.225,2025-03-31 12:18:00,Danger,7.01
1073,169.254.1.223,2025-03-31 12:37:00,Warning,2.86
1074,169.254.1.225,2025-03-31 06:40:00,Warning,2.47
1075,169.254.1.224,2025-03-31 18:39:00,Danger,6.27
1076,169.254.1.223,2025-03-31 12:25:00,Warning,2.6
1077,169.254.1.224,2025-03-31 14:49:00,Danger,8.84
1078,169.254.1.225,2025-03-31 14:48:00,Warning,3.95
1079,169.254.1.223,2025-03-31 14:18:00,Warning,4.16
1080,169.254.1.224,2025-03-31 14:33:00,Warning,2.82
1081,169.254.1.224,2025-04-01 14:46:00,Warning,2.13
1082,169.254.1.223,2025-04-01 08:41:00,Warning,3.65
1083,169.254.1.223,2025-04-01 17:16:00,Danger,7.87
1084,169.254.1.224,2025-04-01 14:13:00,Warning,2.94
1085,169.254.1.223,2025-04-01 17:02:00,Warning,1.57
1086,169.254.1.223,2025-04-01 08:10:00,Warning,1.98
1087,169.254.1.224,2025-04-01 15:46:00,Danger,4.0
1088,169.254.1.223,2025-04-01 14:49:00,Warning,3.3
1089,169.254.1.223,2025-04-01 18:16:00,Warning,3.96
1090,169.254.1.226,2025-04-01 09:41:00,Warning,4.48
1091,169.254.1.224,2025-04-01 08:54:00,Danger,5.46
1092,169.254.1.225,2025-04-01 19:33:00,Warning,3.8
1093,169.254.1.226,2025-04-01 08:51:00,Warning,2.53
1094,169.254.1.226,2025-04-01 16:10:00,Warning,2.19
1095,169.254.1.226,2025-04-01 08:15:00,Danger,4.21
1096,169.254.1.223,2025-04-01 08:33:00,Warning,2.03
1097,169.254.1.223,2025-04-01 19:22:00,Warning,3.76
1098,169.254.1.223,2025-04-01 14:13:00,Warning,4.21
1099,169.254.1.226,2025-04-01 19:13:00,Warning,2.79
1100,169.254.1.226,2025-04-02 06:44:00,Warning,2.79
1101,169.254.1.223,2025-04-02 19:28:00,Warning,2.55
1102,169.254.1.224,2025-04-02 13:15:00,Danger,5.86
1103,169.254.1.226,2025-04-02 07:25:00,Danger,8.26
1104,169.254.1.223,2025-04-02 10:23:00,Danger,7.25
1105,169.254.1.226,2025-04-02 15:51:00,Warning,3.06
1106,169.254.1.226,2025-04-02 17:10:00,Danger,7.83
1107,169.254.1.225,2025-04-02 12:10:00,Danger,5.56
1108,169.254.1.225,2025-04-02 10:27:00,Warning,2.77
1109,169.254.1.224,2025-04-02 16:26:00,Danger,7.08
1110,169.254.1.224,2025-04-02 13:03:00,Warning,3.17
1111,169.254.1.225,2025-04-02 12:19:00,Warning,2.95
1112,169.254.1.224,2025-04-02 15:51:00,Danger,7.23
1113,169.254.1.224,2025-04-02 17:15:00,Danger,4.38
1114,169.254.1.225,2025-04-02 07:42:00,Danger,5.4
1115,169.254.1.223,2025-04-02 19:40:00,Warning,3.59
1116,169.254.1.223,2025-04-02 08:44:00,Warning,3.41
1117,169.254.1.223,2025-04-02 08:28:00,Warning,3.3
1118,169.254.1.223,2025-04-02 07:05:00,Danger,5.23
1119,169.254.1.225,2025-04-02 18:21:00,Warning,4.45
1120,169.254.1.224,2025-04-02 18:08:00,Warning,1.67
1121,169.254.1.225,2025-04-02 16:55:00,Warning,1.53
1122,169.254.1.224,2025-04-02 09:19:00,Danger,6.6
1123,169.254.1.224,2025-04-02 16:29:00,Danger,3.22
1124,169.254.1.225,2025-04-02 17:10:00,Danger,3.94
1125,169.254.1.226,2025-04-02 19:18:00,Warning,3.51
1126,169.254.1.223,2025-04-02 16:00:00,Danger,3.09
1127,169.254.1.225,2025-04-02 07:32:00,Warning,3.68
1128,169.254.1.224,2025-04-02 11:55:00,Warning,2.33
1129,169.254.1.225,2025-04-02 13:45:00,Warning,3.22
1130,169.254.1.223,2025-04-02 08:59:00,Warning,1.82
1131,169.254.1.225,2025-04-02 14:35:00,Danger,8.68
1132,169.254.1.226,2025-04-02 15:10:00,Warning,3.22
1133,169.254.1.225,2025-04-02 12:26:00,Warning,3.81
1134,169.254.1.223,2025-04-02 19:14:00,Warning,2.88
1135,169.254.1.224,2025-04-02 14:13:00,Danger,3.41
1136,169.254.1.226,2025-04-02 17:33:00,Warning,3.9
1137,169.254.1.225,2025-04-02 12:01:00,Warning,1.53
1138,169.254.1.225,2025-04-03 10:54:00,Danger,7.04
1139,169.254.1.225,2025-04-03 07:17:00,Warning,2.04
1140,169.254.1.224,2025-04-03 12:02:00,Danger,6.44
1141,169.254.1.226,2025-04-03 18:44:00,Warning,4.23
1142,169.254.1.225,2025-04-03 18:34:00,Danger,7.41
1143,169.254.1.225,2025-04-03 09:31:00,Danger,8.01
1144,169.254.1.223,2025-04-03 08:39:00,Warning,1.86
1145,169.254.1.223,2025-04-03 17:32:00,Warning,2.98
1146,169.254.1.226,2025-04-03 19:02:00,Warning,4.37
1147,169.254.1.225,2025-04-03 12:20:00,Warning,2.98
1148,169.254.1.225,2025-04-03 14:22:00,Danger,7.59
1149,169.254.1.223,2025-04-03 12:47:00,Danger,6.46
1150,169.254.1.223,2025-04-03 14:58:00,Warning,2.93
1151,169.254.1.224,2025-04-03 14:34:00,Danger,8.16
1152,169.254.1.226,2025-04-03 13:48:00,Warning,3.59
1153,169.254.1.224,2025-04-03 11:23:00,Warning,1.54
1154,169.254.1.225,2025-04-03 12:28:00,Warning,2.48
1155,169.254.1.226,2025-04-03 09:11:00,Warning,2.21
1156,169.254.1.226,2025-04-03 16:27:00,Danger,4.1
1157,169.254.1.225,2025-04-03 09:35:00,Warning,3.76
1158,169.254.1.224,2025-04-03 12:50:00,Danger,4.08
1159,169.254.1.225,2025-04-03 15:49:00,Warning,3.94
1160,169.254.1.226,2025-04-03 19:43:00,Danger,5.59
1161,169.254.1.224,2025-04-03 09:20:00,Danger,8.75
1162,169.254.1.226,2025-04-03 14:04:00,Warning,2.03
1163,169.254.1.225,2025-04-03 08:17:00,Warning,4.05
1164,169.254.1.223,2025-04-03 19:24:00,Warning,2.25
1165,169.254.1.224,2025-04-03 12:47:00,Danger,3.98
1166,169.254.1.223,2025-04-03 19:53:00,Danger,8.03
1167,169.254.1.225,2025-04-03 13:40:00,Warning,2.28
1168,169.254.1.223,2025-04-04 15:30:00,Warning,2.27
1169,169.254.1.224,2025-04-04 13:01:00,Danger,8.2
1170,169.254.1.224,2025-04-04 15:50:00,Warning,3.45
1171,169.254.1.226,2025-04-04 19:19:00,Danger,4.95
1172,169.254.1.226,2025-04-04 19:13:00,Warning,4.17
1173,169.254.1.224,2025-04-04 16:28:00,Danger,6.79
1174,169.254.1.226,2025-04-04 08:51:00,Warning,4.29
1175,169.254.1.223,2025-04-04 16:46:00,Warning,2.71
1176,169.254.1.225,2025-04-04 07:21:00,Danger,4.37
1177,169.254.1.226,2025-04-04 17:08:00,Danger,4.6
1178,169.254.1.225,2025-04-04 10:37:00,Warning,3.84
1179,169.254.1.226,2025-04-04 18:45:00,Warning,4.4
1180,169.254.1.224,2025-04-04 08:51:00,Danger,3.14
1181,169.254.1.223,2025-04-04 17:17:00,Danger,7.46
1182,169.254.1.223,2025-04-04 09:35:00,Danger,3.62
1183,169.254.1.226,2025-04-04 14:04:00,Warning,1.58
1184,169.254.1.225,2025-04-04 14:56:00,Warning,1.75
1185,169.254.1.226,2025-04-04 16:32:00,Danger,6.93
1186,169.254.1.226,2025-04-04 11:16:00,Danger,7.43
1187,169.254.1.224,2025-04-04 16:41:00,Danger,6.16
1188,169.254.1.225,2025-04-04 06:29:00,Danger,5.14
1189,169.254.1.225,2025-04-04 14:07:00,Warning,4.11
1190,169.254.1.224,2025-04-04 15:21:00,Warning,4.41
1191,169.254.1.226,2025-04-04 16:05:00,Warning,3.39
1192,169.254.1.225,2025-04-04 14:56:00,Warning,3.1
1193,169.254.1.226,2025-04-04 14:13:00,Warning,3.91
1194,169.254.1.225,2025-04-04 11:15:00,Warning,2.28
1195,169.254.1.224,2025-04-04 06:10:00,Danger,7.89
1196,169.254.1.226,2025-04-04 11:52:00,Danger,6.21
1197,169.254.1.226,2025-04-04 18:53:00,Warning,1.53
1198,169.254.1.223,2025-04-04 19:37:00,Danger,4.39
1199,169.254.1.226,2025-04-04 15:21:00,Warning,2.74
1200,169.254.1.226,2025-04-04 12:44:00,Danger,7.29
1201,169.254.1.224,2025-04-04 12:27:00,Danger,3.48
1202,169.254.1.225,2025-04-04 14:49:00,Warning,4.23
1203,169.254.1.225,2025-04-04 10:51:00,Warning,3.1
1204,169.254.1.224,2025-04-04 13:02:00,Danger,3.41
1205,169.254.1.226,2025-04-04 10:56:00,Danger,5.73
1206,169.254.1.225,2025-04-04 10:38:00,Warning,2.98
1207,169.254.1.223,2025-04-04 06:19:00,Danger,8.82
1208,169.254.1.224,2025-04-04 09:10:00,Warning,2.35
1209,169.254.1.223,2025-04-04 18:12:00,Warning,1.52
1210,169.254.1.226,2025-04-04 08:34:00,Danger,4.3
1211,169.254.1.225,2025-04-04 11:19:00,Warning,3.0
1212,169.254.1.223,2025-04-04 13:54:00,Warning,1.6
1213,169.254.1.226,2025-04-04 18:48:00,Warning,1.67
1214,169.254.1.225,2025-04-04 07:13:00,Warning,2.04
1215,169.254.1.224,2025-04-04 19:56:00,Warning,1.54
1216,169.254.1.223,2025-04-04 12:34:00,Warning,2.83
1217,169.254.1.224,2025-04-04 09:23:00,Warning,3.81
1218,169.254.1.225,2025-04-05 12:38:00,Warning,2.44
1219,169.254.1.223,2025-04-05 08:42:00,Warning,1.63
1220,169.254.1.225,2025-04-05 10:19:00,Warning,2.4
1221,169.254.1.223,2025-04-05 06:53:00,Warning,2.15
1222,169.254.1.224,2025-04-05 10:01:00,Warning,2.47
1223,169.254.1.224,2025-04-05 19:33:00,Danger,3.72
1224,169.254.1.226,2025-04-05 06:09:00,Warning,3.24
1225,169.254.1.223,2025-04-05 17:44:00,Warning,2.61
1226,169.254.1.225,2025-04-05 10:14:00,Danger,3.55
1227,169.254.1.224,2025-04-05 18:57:00,Warning,1.68
1228,169.254.1.226,2025-04-05 17:58:00,Warning,1.82
1229,169.254.1.225,2025-04-05 09:58:00,Danger,6.35
1230,169.254.1.223,2025-04-05 19:44:00,Warning,3.7
1231,169.254.1.225,2025-04-05 17:45:00,Warning,3.67
1232,169.254.1.225,2025-04-05 06:40:00,Warning,2.81
1233,169.254.1.224,2025-04-05 15:15:00,Warning,2.07
1234,169.254.1.225,2025-04-05 15:16:00,Danger,7.39
1235,169.254.1.223,2025-04-05 16:13:00,Warning,3.16
1236,169.254.1.225,2025-04-05 15:03:00,Danger,4.77
1237,169.254.1.226,2025-04-05 15:14:00,Warning,1.5
1238,169.254.1.225,2025-04-05 18:31:00,Danger,3.11
1239,169.254.1.223,2025-04-05 19:14:00,Warning,2.46
1240,169.254.1.224,2025-04-05 17:14:00,Warning,3.96
1241,169.254.1.224,2025-04-05 14:56:00,Warning,3.8
1242,169.254.1.225,2025-04-05 16:27:00,Danger,5.46
1243,169.254.1.223,2025-04-05 07:53:00,Danger,6.95
1244,169.254.1.223,2025-04-05 08:12:00,Danger,3.19
1245,169.254.1.226,2025-04-05 14:17:00,Danger,3.19
1246,169.254.1.225,2025-04-05 17:13:00,Warning,3.37
1247,169.254.1.223,2025-04-05 06:50:00,Warning,3.32
1248,169.254.1.226,2025-04-05 06:13:00,Warning,2.13
1249,169.254.1.225,2025-04-05 07:21:00,Warning,3.42
1250,169.254.1.225,2025-04-05 15:31:00,Warning,4.17
1251,169.254.1.225,2025-04-05 19:33:00,Warning,3.97
1252,169.254.1.225,2025-04-05 15:01:00,Danger,3.42
1253,169.254.1.223,2025-04-05 07:19:00,Warning,4.38
1254,169.254.1.224,2025-04-05 07:43:00,Warning,3.09
1255,169.254.1.224,2025-04-05 09:17:00,Warning,2.25
1256,169.254.1.223,2025-04-05 15:31:00,Warning,2.75
1257,169.254.1.226,2025-04-05 19:04:00,Warning,2.57
1258,169.254.1.224,2025-04-05 17:59:00,Warning,4.15
1259,169.254.1.225,2025-04-05 19:31:00,Danger,5.41
1260,169.254.1.226,2025-04-05 17:13:00,Danger,8.99
1261,169.254.1.225,2025-04-05 12:00:00,Warning,3.15
1262,169.254.1.225,2025-04-05 12:20:00,Warning,3.4
1263,169.254.1.225,2025-04-06 10:06:00,Warning,2.14
1264,169.254.1.226,2025-04-06 12:08:00,Warning,2.84
1265,169.254.1.223,2025-04-06 06:00:00,Warning,4.45
1266,169.254.1.223,2025-04-06 14:50:00,Danger,8.34
1267,169.254.1.225,2025-04-06 11:07:00,Warning,2.14
1268,169.254.1.225,2025-04-06 06:22:00,Warning,4.33
1269,169.254.1.224,2025-04-06 15:26:00,Warning,3.21
1270,169.254.1.224,2025-04-06 07:36:00,Danger,5.13
1271,169.254.1.224,2025-04-06 10:31:00,Warning,3.25
1272,169.254.1.226,2025-04-06 10:22:00,Warning,1.78
1273,169.254.1.225,2025-04-06 15:42:00,Warning,3.7
1274,169.254.1.223,2025-04-06 19:31:00,Warning,2.96
1275,169.254.1.226,2025-04-06 16:09:00,Warning,1.61
1276,169.254.1.225,2025-04-06 07:20:00,Warning,4.27
1277,169.254.1.223,2025-04-06 11:56:00,Warning,2.8
1278,169.254.1.223,2025-04-06 19:08:00,Danger,6.92
1279,169.254.1.225,2025-04-06 16:49:00,Warning,2.65
1280,169.254.1.224,2025-04-06 14:56:00,Danger,6.24
1281,169.254.1.223,2025-04-06 11:34:00,Warning,2.16
1282,169.254.1.226,2025-04-06 17:29:00,Warning,2.68
1283,169.254.1.224,2025-04-06 18:50:00,Warning,3.01
1284,169.254.1.224,2025-04-06 13:22:00,Danger,5.37
1285,169.254.1.223,2025-04-06 11:44:00,Danger,6.43
1286,169.254.1.226,2025-04-06 15:21:00,Warning,1.76
1287,169.254.1.226,2025-04-06 19:12:00,Warning,3.79
1288,169.254.1.224,2025-04-06 15:32:00,Danger,5.37
1289,169.254.1.224,2025-04-06 15:34:00,Warning,3.71
1290,169.254.1.225,2025-04-06 10:08:00,Danger,7.66
1291,169.254.1.226,2025-04-06 17:41:00,Warning,1.77
1292,169.254.1.225,2025-04-06 13:13:00,Warning,2.07
1293,169.254.1.224,2025-04-06 16:08:00,Warning,3.81
1294,169.254.1.226,2025-04-06 11:58:00,Warning,4.47
1295,169.254.1.224,2025-04-06 16:38:00,Danger,3.27
1296,169.254.1.223,2025-04-06 09:24:00,Warning,1.97
1297,169.254.1.224,2025-04-06 07:55:00,Warning,2.23
1298,169.254.1.223,2025-04-06 19:59:00,Danger,5.06
1299,169.254.1.224,2025-04-06 11:12:00,Warning,1.57
1300,169.254.1.225,2025-04-06 18:37:00,Warning,2.11
1301,169.254.1.224,2025-04-06 15:21:00,Warning,3.69
1302,169.254.1.223,2025-04-06 17:51:00,Warning,1.56
1303,169.254.1.225,2025-04-06 10:21:00,Danger,4.7
1304,169.254.1.223,2025-04-06 06:54:00,Warning,4.34
1305,169.254.1.225,2025-04-06 12:37:00,Warning,3.49
1306,169.254.1.226,2025-04-06 07:50:00,Danger,8.2
1307,169.254.1.223,2025-04-06 09:56:00,Warning,3.03
1308,169.254.1.223,2025-04-06 11:23:00,Warning,3.29
1309,169.254.1.223,2025-04-06 09:10:00,Danger,8.8
1310,169.254.1.225,2025-04-06 06:40:00,Danger,6.18
1311,169.254.1.225,2025-04-06 14:21:00,Warning,1.97
1312,169.254.1.224,2025-04-06 17:40:00,Warning,3.38
1313,169.254.1.225,2025-04-06 14:33:00,Danger,3.37
1314,169.254.1.223,2025-04-06 12:36:00,Warning,3.94
1315,169.254.1.225,2025-04-06 15:28:00,Warning,2.18
1316,169.254.1.224,2025-04-07 17:12:00,Danger,7.38
1317,169.254.1.225,2025-04-07 13:07:00,Danger,3.92
1318,169.254.1.224,2025-04-07 16:19:00,Danger,6.25
1319,169.254.1.224,2025-04-07 17:08:00,Danger,6.25
1320,169.254.1.224,2025-04-07 08:21:00,Danger,7.23
1321,169.254.1.224,2025-04-07 13:20:00,Warning,4.43
1322,169.254.1.225,2025-04-07 17:11:00,Warning,4.25
1323,169.254.1.223,2025-04-07 07:09:00,Warning,4.35
1324,169.254.1.223,2025-04-07 09:08:00,Danger,8.28
1325,169.254.1.226,2025-04-07 19:03:00,Danger,8.84
1326,169.254.1.225,2025-04-07 11:10:00,Warning,4.3
1327,169.254.1.224,2025-04-07 08:35:00,Warning,1.82
1328,169.254.1.225,2025-04-07 06:26:00,Warning,3.34
1329,169.254.1.224,2025-04-07 16:20:00,Warning,2.19
1330,169.254.1.226,2025-04-07 09:56:00,Warning,2.58
1331,169.254.1.225,2025-04-07 08:17:00,Warning,3.31
1332,169.254.1.224,2025-04-07 09:08:00,Warning,2.97
1333,169.254.1.223,2025-04-07 08:47:00,Danger,3.19
1334,169.254.1.224,2025-04-07 10:36:00,Warning,2.17
1335,169.254.1.226,2025-04-07 18:55:00,Danger,4.06
1336,169.254.1.226,2025-04-07 16:31:00,Warning,2.47
1337,169.254.1.226,2025-04-07 10:12:00,Warning,3.83
1338,169.254.1.223,2025-04-07 18:17:00,Danger,6.67
1339,169.254.1.223,2025-04-07 14:53:00,Danger,5.74
1340,169.254.1.223,2025-04-07 10:11:00,Warning,2.69
1341,169.254.1.223,2025-04-07 15:31:00,Warning,3.8
1342,169.254.1.225,2025-04-07 09:14:00,Danger,5.39
1343,169.254.1.226,2025-04-07 19:12:00,Warning,2.88
1344,169.254.1.224,2025-04-07 11:01:00,Warning,1.66
1345,169.254.1.223,2025-04-07 13:54:00,Warning,2.86
1346,169.254.1.224,2025-04-07 09:04:00,Warning,4.31
1347,169.254.1.224,2025-04-07 12:42:00,Warning,2.85
1348,169.254.1.224,2025-04-07 13:44:00,Warning,3.64
1349,169.254.1.224,2025-04-07 13:45:00,Danger,4.94
1350,169.254.1.226,2025-04-07 18:15:00,Warning,1.77
1351,169.254.1.226,2025-04-07 16:49:00,Warning,3.07
1352,169.254.1.224,2025-04-07 18:24:00,Warning,3.03
1353,169.254.1.224,2025-04-07 12:27:00,Warning,1.63
1354,169.254.1.224,2025-04-07 11:43:00,Warning,3.48
1355,169.254.1.223,2025-04-07 08:46:00,Warning,2.04
1356,169.254.1.226,2025-04-08 11:15:00,Danger,7.61
1357,169.254.1.224,2025-04-08 10:55:00,Warning,1.85
1358,169.254.1.223,2025-04-08 09:27:00,Danger,7.59
1359,169.254.1.223,2025-04-08 13:49:00,Warning,3.0
1360,169.254.1.226,2025-04-08 16:22:00,Warning,2.21
1361,169.254.1.223,2025-04-08 13:44:00,Warning,1.74
1362,169.254.1.224,2025-04-08 10:10:00,Warning,2.33
1363,169.254.1.225,2025-04-08 06:50:00,Danger,3.33
1364,169.254.1.225,2025-04-08 06:37:00,Danger,3.19
1365,169.254.1.226,2025-04-08 11:39:00,Warning,1.65
1366,169.254.1.224,2025-04-08 09:02:00,Danger,4.71
1367,169.254.1.223,2025-04-08 13:46:00,Warning,2.58
1368,169.254.1.226,2025-04-08 07:35:00,Warning,2.47
1369,169.254.1.223,2025-04-08 19:59:00,Danger,5.56
1370,169.254.1.225,2025-04-08 10:59:00,Warning,1.87
1371,169.254.1.224,2025-04-08 11:37:00,Warning,3.07
1372,169.254.1.223,2025-04-08 16:26:00,Danger,6.43
1373,169.254.1.225,2025-04-08 14:15:00,Warning,3.31
1374,169.254.1.225,2025-04-08 13:17:00,Warning,2.45
1375,169.254.1.226,2025-04-08 08:12:00,Warning,2.99
1376,169.254.1.224,2025-04-08 14:24:00,Warning,4.15
1377,169.254.1.223,2025-04-08 18:05:00,Danger,4.16
1378,169.254.1.224,2025-04-08 06:24:00,Warning,3.89
1379,169.254.1.223,2025-04-08 19:38:00,Warning,2.74
1380,169.254.1.224,2025-04-08 11:41:00,Danger,7.84
1381,169.254.1.225,2025-04-08 06:11:00,Warning,3.57
1382,169.254.1.225,2025-04-08 19:29:00,Danger,4.8
1383,169.254.1.225,2025-04-08 19:05:00,Danger,7.12
1384,169.254.1.223,2025-04-08 12:45:00,Warning,3.35
1385,169.254.1.226,2025-04-08 08:59:00,Danger,8.0
1386,169.254.1.226,2025-04-08 14:05:00,Warning,3.44
1387,169.254.1.225,2025-04-08 08:39:00,Warning,4.18
1388,169.254.1.223,2025-04-08 13:53:00,Warning,2.74
1389,169.254.1.225,2025-04-08 14:53:00,Danger,7.35
1390,169.254.1.225,2025-04-08 15:28:00,Warning,2.12
1391,169.254.1.223,2025-04-08 19:38:00,Warning,3.89
1392,169.254.1.226,2025-04-08 08:32:00,Danger,3.19
1393,169.254.1.226,2025-04-08 16:41:00,Warning,2.0
1394,169.254.1.225,2025-04-08 09:11:00,Warning,4.09
1395,169.254.1.225,2025-04-08 18:02:00,Warning,3.63
1396,169.254.1.225,2025-04-08 13:03:00,Danger,8.26
1397,169.254.1.223,2025-04-09 11:09:00,Danger,4.81
1398,169.254.1.223,2025-04-09 12:23:00,Warning,3.83
1399,169.254.1.224,2025-04-09 13:34:00,Warning,3.9
1400,169.254.1.225,2025-04-09 09:14:00,Danger,5.9
1401,169.254.1.223,2025-04-09 19:14:00,Danger,7.62
1402,169.254.1.223,2025-04-09 14:48:00,Warning,1.9
1403,169.254.1.223,2025-04-09 13:50:00,Warning,4.09
1404,169.254.1.223,2025-04-09 06:04:00,Danger,3.26
1405,169.254.1.225,2025-04-09 11:41:00,Warning,1.64
1406,169.254.1.224,2025-04-09 06:23:00,Warning,2.44
1407,169.254.1.225,2025-04-09 11:28:00,Danger,4.72
1408,169.254.1.224,2025-04-09 19:11:00,Warning,1.85
1409,169.254.1.223,2025-04-09 08:41:00,Danger,3.09
1410,169.254.1.225,2025-04-09 09:31:00,Warning,3.15
1411,169.254.1.224,2025-04-09 08:24:00,Warning,3.91
1412,169.254.1.225,2025-04-09 08:55:00,Danger,6.68
1413,169.254.1.226,2025-04-09 15:13:00,Warning,1.89
1414,169.254.1.223,2025-04-09 17:31:00,Danger,5.3
1415,169.254.1.226,2025-04-09 13:16:00,Warning,3.61
1416,169.254.1.224,2025-04-09 16:31:00,Warning,2.5
1417,169.254.1.223,2025-04-09 18:10:00,Warning,3.93
1418,169.254.1.223,2025-04-09 18:53:00,Warning,3.2
1419,169.254.1.223,2025-04-09 19:52:00,Warning,3.6
1420,169.254.1.226,2025-04-09 13:46:00,Danger,6.87
1421,169.254.1.225,2025-04-09 14:01:00,Danger,4.34
1422,169.254.1.225,2025-04-09 12:12:00,Warning,3.6
1423,169.254.1.226,2025-04-09 19:27:00,Warning,2.47
1424,169.254.1.226,2025-04-09 06:30:00,Danger,3.68
1425,169.254.1.225,2025-04-09 13:52:00,Warning,2.35
1426,169.254.1.226,2025-04-09 16:18:00,Warning,3.02
1427,169.254.1.223,2025-04-09 19:57:00,Warning,1.82
1428,169.254.1.226,2025-04-09 19:31:00,Danger,5.77
1429,169.254.1.226,2025-04-09 10:04:00,Warning,3.14
1430,169.254.1.226,2025-04-09 12:33:00,Danger,4.25
1431,169.254.1.225,2025-04-09 19:23:00,Warning,3.2
1432,169.254.1.223,2025-04-09 15:17:00,Warning,2.02
1433,169.254.1.226,2025-04-09 18:37:00,Warning,3.22
1434,169.254.1.223,2025-04-09 07:57:00,Warning,2.89
1435,169.254.1.223,2025-04-09 13:35:00,Danger,8.74
1436,169.254.1.226,2025-04-09 16:12:00,Danger,7.88
1437,169.254.1.223,2025-04-09 11:35:00,Warning,3.48
1438,169.254.1.223,2025-04-09 09:42:00,Warning,4.16
1439,169.254.1.225,2025-04-09 18:55:00,Danger,3.9
1440,169.254.1.225,2025-04-10 16:30:00,Warning,2.09
1441,169.254.1.225,2025-04-10 11:06:00,Warning,4.24
1442,169.254.1.223,2025-04-10 13:25:00,Warning,4.25
1443,169.254.1.226,2025-04-10 15:56:00,Danger,8.92
1444,169.254.1.223,2025-04-10 08:10:00,Warning,1.69
1445,169.254.1.225,2025-04-10 06:00:00,Warning,3.96
1446,169.254.1.224,2025-04-10 07:52:00,Warning,4.1
1447,169.254.1.225,2025-04-10 13:22:00,Warning,2.68
1448,169.254.1.224,2025-04-10 18:08:00,Warning,2.64
1449,169.254.1.226,2025-04-10 17:18:00,Danger,3.83
1450,169.254.1.224,2025-04-10 12:08:00,Warning,1.96
1451,169.254.1.224,2025-04-10 08:17:00,Danger,6.89
1452,169.254.1.224,2025-04-10 18:18:00,Warning,3.47
1453,169.254.1.226,2025-04-10 07:26:00,Danger,7.84
1454,169.254.1.224,2025-04-10 19:27:00,Warning,4.29
1455,169.254.1.226,2025-04-10 13:45:00,Warning,3.16
1456,169.254.1.223,2025-04-10 12:33:00,Warning,2.06
1457,169.254.1.225,2025-04-10 15:51:00,Warning,3.69
1458,169.254.1.223,2025-04-10 13:00:00,Warning,3.23
1459,169.254.1.223,2025-04-10 06:38:00,Warning,3.61
1460,169.254.1.224,2025-04-10 15:54:00,Warning,3.57
1461,169.254.1.225,2025-04-10 18:27:00,Warning,4.45
1462,169.254.1.223,2025-04-10 13:56:00,Warning,3.07
1463,169.254.1.223,2025-04-10 10:11:00,Warning,3.73
1464,169.254.1.225,2025-04-10 17:40:00,Warning,3.89
1465,169.254.1.223,2025-04-10 16:27:00,Danger,5.06
1466,169.254.1.225,2025-04-10 14:00:00,Warning,4.22
1467,169.254.1.225,2025-04-10 13:11:00,Warning,4.43
1468,169.254.1.225,2025-04-10 10:56:00,Danger,7.17
1469,169.254.1.226,2025-04-10 18:24:00,Warning,2.28
1470,169.254.1.225,2025-04-10 15:52:00,Danger,3.31
1471,169.254.1.226,2025-04-10 19:48:00,Warning,1.58
1472,169.254.1.225,2025-04-10 07:24:00,Danger,3.46
1473,169.254.1.225,2025-04-10 10:18:00,Danger,4.69
1474,169.254.1.224,2025-04-10 06:14:00,Warning,3.31
1475,169.254.1.225,2025-04-10 17:14:00,Warning,3.92
1476,169.254.1.223,2025-04-10 19:21:00,Warning,2.95
1477,169.254.1.224,2025-04-10 11:51:00,Warning,4.4
1478,169.254.1.226,2025-04-10 14:27:00,Warning,2.74
1479,169.254.1.224,2025-04-11 17:16:00,Warning,3.41
1480,169.254.1.225,2025-04-11 15:51:00,Warning,2.54
1481,169.254.1.226,2025-04-11 18:53:00,Warning,1.66
1482,169.254.1.224,2025-04-11 12:48:00,Warning,2.93
1483,169.254.1.225,2025-04-11 12:28:00,Warning,2.67
1484,169.254.1.225,2025-04-11 08:28:00,Warning,2.8
1485,169.254.1.223,2025-04-11 19:36:00,Warning,3.54
1486,169.254.1.226,2025-04-11 07:39:00,Warning,3.41
1487,169.254.1.225,2025-04-11 16:25:00,Warning,4.08
1488,169.254.1.226,2025-04-11 10:36:00,Danger,3.59
1489,169.254.1.224,2025-04-11 13:52:00,Warning,3.75
1490,169.254.1.224,2025-04-11 14:52:00,Danger,7.14
1491,169.254.1.223,2025-04-11 11:20:00,Warning,3.52
1492,169.254.1.226,2025-04-11 06:12:00,Warning,3.08
1493,169.254.1.224,2025-04-11 11:59:00,Danger,4.7
1494,169.254.1.224,2025-04-11 06:34:00,Danger,3.55
1495,169.254.1.223,2025-04-11 16:13:00,Warning,3.62
1496,169.254.1.224,2025-04-11 07:28:00,Warning,1.89
1497,169.254.1.226,2025-04-11 07:53:00,Warning,2.26
1498,169.254.1.225,2025-04-11 17:16:00,Warning,3.42
1499,169.254.1.225,2025-04-11 19:07:00,Warning,4.21
1500,169.254.1.223,2025-04-11 10:23:00,Danger,3.44
1501,169.254.1.225,2025-04-11 12:31:00,Warning,4.49
1502,169.254.1.226,2025-04-11 19:52:00,Danger,5.64
1503,169.254.1.226,2025-04-11 09:25:00,Warning,2.04
1504,169.254.1.224,2025-04-11 07:51:00,Danger,7.61
1505,169.254.1.225,2025-04-11 16:28:00,Warning,4.24
1506,169.254.1.225,2025-04-11 07:45:00,Danger,3.42
1507,169.254.1.224,2025-04-11 19:15:00,Warning,4.19
1508,169.254.1.226,2025-04-11 17:08:00,Warning,4.3
1509,169.254.1.223,2025-04-12 08:35:00,Warning,4.21
1510,169.254.1.226,2025-04-12 14:47:00,Warning,3.81
1511,169.254.1.223,2025-04-12 13:26:00,Warning,3.68
1512,169.254.1.226,2025-04-12 15:13:00,Danger,5.31
1513,169.254.1.225,2025-04-12 08:04:00,Warning,4.31
1514,169.254.1.223,2025-04-12 11:41:00,Warning,2.7
1515,169.254.1.223,2025-04-12 12:14:00,Warning,4.38
1516,169.254.1.224,2025-04-12 13:50:00,Warning,2.37
1517,169.254.1.224,2025-04-12 09:00:00,Warning,4.4
1518,169.254.1.225,2025-04-12 11:06:00,Warning,4.19
1519,169.254.1.224,2025-04-12 14:18:00,Danger,6.8
1520,169.254.1.224,2025-04-12 08:23:00,Danger,3.15
1521,169.254.1.225,2025-04-12 14:20:00,Warning,3.88
1522,169.254.1.226,2025-04-12 14:31:00,Warning,4.0
1523,169.254.1.223,2025-04-12 06:16:00,Danger,3.34
1524,169.254.1.226,2025-04-12 12:55:00,Danger,7.84
1525,169.254.1.224,2025-04-12 17:34:00,Warning,3.11
1526,169.254.1.223,2025-04-12 07:13:00,Danger,3.85
1527,169.254.1.224,2025-04-12 14:02:00,Warning,3.36
1528,169.254.1.223,2025-04-12 17:58:00,Warning,1.54
1529,169.254.1.224,2025-04-12 11:14:00,Warning,1.79
1530,169.254.1.223,2025-04-12 16:05:00,Danger,7.9
1531,169.254.1.223,2025-04-12 14:29:00,Warning,3.35
1532,169.254.1.226,2025-04-12 19:43:00,Danger,5.02
1533,169.254.1.224,2025-04-12 11:32:00,Danger,7.1
1534,169.254.1.223,2025-04-12 11:29:00,Warning,3.88
1535,169.254.1.225,2025-04-12 16:07:00,Danger,3.38
1536,169.254.1.225,2025-04-12 08:24:00,Warning,2.0
1537,169.254.1.223,2025-04-12 15:26:00,Danger,4.46
1538,169.254.1.226,2025-04-12 08:16:00,Danger,8.08
1539,169.254.1.223,2025-04-12 19:16:00,Danger,8.28
1540,169.254.1.225,2025-04-12 06:06:00,Danger,8.56
1541,169.254.1.224,2025-04-13 17:50:00,Warning,3.82
1542,169.254.1.226,2025-04-13 09:31:00,Danger,4.63
1543,169.254.1.223,2025-04-13 13:01:00,Danger,4.05
1544,169.254.1.223,2025-04-13 16:10:00,Danger,6.0
1545,169.254.1.226,2025-04-13 16:42:00,Warning,2.4
1546,169.254.1.223,2025-04-13 06:04:00,Warning,2.08
1547,169.254.1.224,2025-04-13 16:33:00,Warning,3.78
1548,169.254.1.225,2025-04-13 13:55:00,Warning,3.48
1549,169.254.1.226,2025-04-13 06:54:00,Danger,7.78
1550,169.254.1.223,2025-04-13 14:29:00,Danger,7.02
1551,169.254.1.226,2025-04-13 06:55:00,Warning,2.36
1552,169.254.1.226,2025-04-13 10:17:00,Danger,7.83
1553,169.254.1.224,2025-04-13 06:44:00,Danger,3.31
1554,169.254.1.223,2025-04-13 08:41:00,Warning,2.96
1555,169.254.1.225,2025-04-13 07:12:00,Warning,3.66
1556,169.254.1.225,2025-04-13 13:09:00,Danger,7.06
1557,169.254.1.223,2025-04-13 09:55:00,Warning,2.48
1558,169.254.1.226,2025-04-13 10:02:00,Warning,4.11
1559,169.254.1.223,2025-04-13 09:45:00,Danger,6.51
1560,169.254.1.226,2025-04-13 13:26:00,Danger,8.57
1561,169.254.1.224,2025-04-13 09:02:00,Warning,1.91
1562,169.254.1.225,2025-04-13 16:47:00,Warning,2.31
1563,169.254.1.225,2025-04-13 08:10:00,Danger,6.41
1564,169.254.1.226,2025-04-13 08:19:00,Danger,5.79
1565,169.254.1.225,2025-04-13 08:55:00,Warning,2.16
1566,169.254.1.224,2025-04-13 16:18:00,Danger,7.77
1567,169.254.1.223,2025-04-13 15:51:00,Warning,4.07
1568,169.254.1.224,2025-04-13 13:01:00,Warning,2.97
1569,169.254.1.223,2025-04-13 16:05:00,Warning,2.89
1570,169.254.1.224,2025-04-13 18:27:00,Warning,4.12
1571,169.254.1.224,2025-04-13 11:35:00,Warning,2.17
1572,169.254.1.223,2025-04-13 15:47:00,Warning,2.75
1573,169.254.1.223,2025-04-13 06:41:00,Warning,3.7
1574,169.254.1.223,2025-04-13 13:15:00,Warning,2.94
1575,169.254.1.223,2025-04-13 13:43:00,Warning,1.75
1576,169.254.1.224,2025-04-13 17:49:00,Warning,4.35
1577,169.254.1.223,2025-04-13 12:07:00,Danger,6.89
1578,169.254.1.226,2025-04-13 06:16:00,Warning,2.41
1579,169.254.1.226,2025-04-13 15:44:00,Warning,1.57
1580,169.254.1.226,2025-04-13 13:54:00,Warning,4.12
1581,169.254.1.226,2025-04-13 09:09:00,Warning,2.61
1582,169.254.1.225,2025-04-14 06:01:00,Warning,1.71
1583,169.254.1.225,2025-04-14 15:03:00,Danger,5.56
1584,169.254.1.224,2025-04-14 17:54:00,Warning,3.13
1585,169.254.1.225,2025-04-14 19:26:00,Warning,3.36
1586,169.254.1.225,2025-04-14 18:33:00,Warning,3.04
1587,169.254.1.223,2025-04-14 06:52:00,Danger,5.19
1588,169.254.1.223,2025-04-14 12:14:00,Warning,3.44
1589,169.254.1.225,2025-04-14 15:34:00,Warning,2.11
1590,169.254.1.224,2025-04-14 10:04:00,Warning,3.45
1591,169.254.1.225,2025-04-14 18:51:00,Warning,2.18
1592,169.254.1.223,2025-04-14 10:33:00,Warning,2.77
1593,169.254.1.223,2025-04-14 07:04:00,Warning,2.86
1594,169.254.1.225,2025-04-14 14:01:00,Warning,3.53
1595,169.254.1.223,2025-04-14 13:42:00,Warning,3.9
1596,169.254.1.223,2025-04-14 09:12:00,Warning,2.87
1597,169.254.1.223,2025-04-14 12:40:00,Warning,2.37
1598,169.254.1.224,2025-04-14 07:51:00,Danger,3.67
1599,169.254.1.223,2025-04-14 14:28:00,Danger,4.23
1600,169.254.1.224,2025-04-14 11:00:00,Warning,3.55
1601,169.254.1.223,2025-04-14 14:05:00,Danger,5.66
1602,169.254.1.224,2025-04-14 10:58:00,Danger,3.13
1603,169.254.1.225,2025-04-14 14:52:00,Warning,2.74
1604,169.254.1.226,2025-04-14 17:11:00,Warning,2.48
1605,169.254.1.225,2025-04-14 13:48:00,Danger,3.79
1606,169.254.1.225,2025-04-14 08:55:00,Warning,2.18
1607,169.254.1.225,2025-04-14 10:55:00,Warning,1.64
1608,169.254.1.224,2025-04-14 10:51:00,Warning,2.0
1609,169.254.1.224,2025-04-14 18:08:00,Warning,2.05
1610,169.254.1.224,2025-04-14 18:05:00,Warning,3.5
1611,169.254.1.225,2025-04-14 08:45:00,Danger,3.25
1612,169.254.1.224,2025-04-14 15:48:00,Danger,4.56
1613,169.254.1.225,2025-04-14 09:30:00,Warning,1.6
1614,169.254.1.224,2025-04-14 11:52:00,Danger,5.69
1615,169.254.1.226,2025-04-14 15:06:00,Danger,8.52
1616,169.254.1.225,2025-04-14 14:31:00,Warning,4.34
1617,169.254.1.225,2025-04-14 08:39:00,Danger,7.43
1618,169.254.1.225,2025-04-14 17:02:00,Warning,2.92
1619,169.254.1.224,2025-04-14 18:52:00,Warning,3.22
1620,169.254.1.226,2025-04-14 19:38:00,Warning,4.22
1621,169.254.1.223,2025-04-14 11:46:00,Warning,3.69
1622,169.254.1.223,2025-04-14 08:22:00,Warning,1.85
1623,169.254.1.225,2025-04-14 12:51:00,Warning,2.16
1624,169.254.1.224,2025-04-14 07:34:00,Danger,6.65
1625,169.254.1.225,2025-04-14 15:57:00,Warning,3.84
1626,169.254.1.226,2025-04-14 09:20:00,Danger,6.23
1627,169.254.1.226,2025-04-14 17:33:00,Warning,1.76
1628,169.254.1.223,2025-04-14 09:19:00,Warning,3.31
1629,169.254.1.226,2025-04-14 17:22:00,Warning,1.94
1630,169.254.1.225,2025-04-14 12:18:00,Warning,1.54
1631,169.254.1.223,2025-04-14 11:59:00,Danger,5.67
1632,169.254.1.226,2025-04-14 09:40:00,Warning,2.83
1633,169.254.1.226,2025-04-14 19:42:00,Warning,1.99
1634,169.254.1.223,2025-04-14 18:26:00,Warning,1.92
1635,169.254.1.225,2025-04-14 08:27:00,Danger,5.85
1636,169.254.1.226,2025-04-14 07:07:00,Warning,3.27
1637,169.254.1.226,2025-04-15 06:06:00,Warning,4.24
1638,169.254.1.224,2025-04-15 08:59:00,Warning,3.63
1639,169.254.1.226,2025-04-15 09:24:00,Danger,5.29
1640,169.254.1.225,2025-04-15 06:43:00,Warning,2.41
1641,169.254.1.223,2025-04-15 14:25:00,Warning,2.89
1642,169.254.1.226,2025-04-15 19:30:00,Danger,4.58
1643,169.254.1.226,2025-04-15 08:07:00,Warning,4.18
1644,169.254.1.224,2025-04-15 09:03:00,Warning,3.56
1645,169.254.1.223,2025-04-15 06:29:00,Danger,4.66
1646,169.254.1.226,2025-04-15 16:13:00,Warning,3.24
1647,169.254.1.223,2025-04-15 10:24:00,Warning,2.93
1648,169.254.1.225,2025-04-15 12:22:00,Warning,3.23
1649,169.254.1.226,2025-04-15 08:46:00,Warning,1.94
1650,169.254.1.225,2025-04-15 17:49:00,Danger,3.98
1651,169.254.1.225,2025-04-15 12:09:00,Warning,4.24
1652,169.254.1.223,2025-04-15 06:49:00,Danger,6.18
1653,169.254.1.223,2025-04-15 14:46:00,Danger,6.77
1654,169.254.1.225,2025-04-15 16:13:00,Warning,3.13
1655,169.254.1.225,2025-04-15 17:41:00,Warning,2.31
1656,169.254.1.224,2025-04-15 07:38:00,Warning,2.55
1657,169.254.1.226,2025-04-16 08:20:00,Warning,2.62
1658,169.254.1.223,2025-04-16 13:01:00,Danger,8.46
1659,169.254.1.224,2025-04-16 09:43:00,Danger,4.33
1660,169.254.1.223,2025-04-16 19:34:00,Warning,3.34
1661,169.254.1.224,2025-04-16 13:07:00,Warning,1.73
1662,169.254.1.225,2025-04-16 06:17:00,Warning,2.43
1663,169.254.1.225,2025-04-16 08:22:00,Warning,4.17
1664,169.254.1.223,2025-04-16 08:56:00,Warning,1.59
1665,169.254.1.224,2025-04-16 09:47:00,Danger,7.17
1666,169.254.1.223,2025-04-16 11:14:00,Danger,3.78
1667,169.254.1.223,2025-04-16 13:15:00,Warning,3.85
1668,169.254.1.223,2025-04-16 06:19:00,Warning,3.77
1669,169.254.1.223,2025-04-16 09:21:00,Danger,7.76
1670,169.254.1.223,2025-04-16 14:00:00,Danger,4.52
1671,169.254.1.223,2025-04-16 11:08:00,Warning,3.76
1672,169.254.1.225,2025-04-17 09:30:00,Warning,2.1
1673,169.254.1.225,2025-04-17 06:29:00,Danger,8.08
1674,169.254.1.224,2025-04-17 15:53:00,Danger,3.96
1675,169.254.1.223,2025-04-17 14:37:00,Warning,1.8
1676,169.254.1.225,2025-04-17 15:01:00,Danger,4.15
1677,169.254.1.223,2025-04-17 08:55:00,Warning,3.11
1678,169.254.1.226,2025-04-17 09:39:00,Warning,4.05
1679,169.254.1.223,2025-04-17 12:15:00,Warning,2.06
1680,169.254.1.226,2025-04-17 09:05:00,Warning,4.44
1681,169.254.1.225,2025-04-17 09:39:00,Warning,2.72
1682,169.254.1.226,2025-04-17 08:06:00,Warning,3.06
1683,169.254.1.223,2025-04-17 19:00:00,Warning,2.36
1684,169.254.1.225,2025-04-17 07:24:00,Danger,3.69
1685,169.254.1.226,2025-04-17 13:47:00,Warning,2.44
1686,169.254.1.226,2025-04-17 09:51:00,Warning,2.37
1687,169.254.1.226,2025-04-17 09:13:00,Warning,4.18
1688,169.254.1.226,2025-04-17 17:35:00,Warning,1.54
1689,169.254.1.223,2025-04-17 17:28:00,Danger,5.63
1690,169.254.1.223,2025-04-17 08:02:00,Danger,5.4
1691,169.254.1.223,2025-04-17 18:39:00,Warning,4.43
1692,169.254.1.226,2025-04-17 12:12:00,Warning,2.52
1693,169.254.1.226,2025-04-17 08:05:00,Danger,5.55
1694,169.254.1.225,2025-04-17 10:45:00,Warning,3.8
1695,169.254.1.226,2025-04-17 18:54:00,Warning,3.43
1696,169.254.1.226,2025-04-17 12:04:00,Warning,3.31
1697,169.254.1.226,2025-04-17 14:16:00,Warning,1.94
1698,169.254.1.224,2025-04-17 07:50:00,Danger,5.94
1699,169.254.1.223,2025-04-17 16:43:00,Warning,1.59
1700,169.254.1.224,2025-04-17 07:09:00,Warning,1.58
1701,169.254.1.225,2025-04-17 12:31:00,Warning,2.48
1702,169.254.1.226,2025-04-17 16:36:00,Warning,3.78
1703,169.254.1.226,2025-04-17 19:31:00,Warning,2.38
1704,169.254.1.223,2025-04-17 14:22:00,Warning,3.13
1705,169.254.1.223,2025-04-17 19:02:00,Danger,5.58
1706,169.254.1.226,2025-04-17 12:32:00,Warning,4.06
1707,169.254.1.225,2025-04-17 13:50:00,Danger,4.06
1708,169.254.1.225,2025-04-17 18:03:00,Danger,5.58
1709,169.254.1.226,2025-04-17 18:12:00,Warning,3.79
1710,169.254.1.226,2025-04-17 17:15:00,Warning,3.12
1711,169.254.1.223,2025-04-17 14:07:00,Warning,1.97
1712,169.254.1.226,2025-04-17 12:40:00,Danger,6.55
1713,169.254.1.225,2025-04-17 16:31:00,Warning,3.8
1714,169.254.1.224,2025-04-17 11:28:00,Danger,6.54
1715,169.254.1.223,2025-04-17 12:15:00,Danger,7.45
1716,169.254.1.223,2025-04-17 19:03:00,Warning,2.52
1717,169.254.1.225,2025-04-17 13:18:00,Danger,5.14
1718,169.254.1.225,2025-04-17 06:57:00,Warning,2.24
1719,169.254.1.225,2025-04-17 16:06:00,Danger,7.13
1720,169.254.1.225,2025-04-17 07:57:00,Danger,3.12
1721,169.254.1.226,2025-04-17 06:38:00,Warning,4.09
1722,169.254.1.223,2025-04-17 10:33:00,Danger,5.82
1723,169.254.1.223,2025-04-17 11:24:00,Warning,2.67
1724,169.254.1.224,2025-04-17 19:47:00,Warning,3.57
1725,169.254.1.225,2025-04-18 14:28:00,Warning,3.79
1726,169.254.1.226,2025-04-18 08:50:00,Warning,2.59
1727,169.254.1.223,2025-04-18 09:26:00,Warning,4.04
1728,169.254.1.225,2025-04-18 15:08:00,Danger,4.59
1729,169.254.1.223,2025-04-18 15:47:00,Warning,2.18
1730,169.254.1.225,2025-04-18 18:14:00,Warning,1.78
1731,169.254.1.226,2025-04-18 10:39:00,Danger,7.81
1732,169.254.1.225,2025-04-18 13:17:00,Danger,7.77
1733,169.254.1.225,2025-04-18 14:36:00,Warning,2.8
1734,169.254.1.226,2025-04-18 09:24:00,Warning,2.25
1735,169.254.1.223,2025-04-18 17:27:00,Warning,2.04
1736,169.254.1.226,2025-04-18 16:42:00,Warning,4.09
1737,169.254.1.226,2025-04-18 09:38:00,Warning,3.97
1738,169.254.1.226,2025-04-18 10:34:00,Warning,3.1
1739,169.254.1.224,2025-04-18 15:39:00,Warning,1.68
1740,169.254.1.225,2025-04-18 12:13:00,Warning,2.22
1741,169.254.1.223,2025-04-18 13:25:00,Warning,4.08
1742,169.254.1.225,2025-04-18 16:49:00,Danger,5.47
1743,169.254.1.224,2025-04-18 17:01:00,Danger,7.12
1744,169.254.1.223,2025-04-18 12:55:00,Danger,3.9
1745,169.254.1.226,2025-04-18 10:11:00,Warning,2.43
1746,169.254.1.223,2025-04-18 15:33:00,Warning,2.77
1747,169.254.1.225,2025-04-18 09:26:00,Danger,3.82
1748,169.254.1.224,2025-04-18 19:28:00,Warning,3.48
1749,169.254.1.226,2025-04-18 16:59:00,Warning,4.39
1750,169.254.1.223,2025-04-18 19:21:00,Danger,8.16
1751,169.254.1.226,2025-04-18 11:21:00,Warning,4.1
1752,169.254.1.226,2025-04-18 12:12:00,Warning,4.16
1753,169.254.1.223,2025-04-18 18:21:00,Warning,2.21
1754,169.254.1.225,2025-04-18 14:54:00,Warning,3.24
1755,169.254.1.223,2025-04-18 14:28:00,Warning,2.21
1756,169.254.1.226,2025-04-18 19:11:00,Warning,2.49
1757,169.254.1.226,2025-04-18 19:45:00,Warning,2.21
1758,169.254.1.225,2025-04-18 09:43:00,Danger,4.05
1759,169.254.1.223,2025-04-18 13:30:00,Warning,4.09
1760,169.254.1.223,2025-04-18 14:22:00,Warning,3.6
1761,169.254.1.225,2025-04-19 15:18:00,Warning,3.55
1762,169.254.1.225,2025-04-19 19:23:00,Warning,2.59
1763,169.254.1.223,2025-04-19 11:15:00,Danger,8.8
1764,169.254.1.224,2025-04-19 18:37:00,Warning,4.32
1765,169.254.1.225,2025-04-19 10:19:00,Warning,2.43
1766,169.254.1.224,2025-04-19 19:51:00,Warning,3.1
1767,169.254.1.226,2025-04-19 13:33:00,Warning,4.23
1768,169.254.1.224,2025-04-19 10:21:00,Danger,8.62
1769,169.254.1.226,2025-04-19 11:04:00,Danger,8.34
1770,169.254.1.226,2025-04-19 16:46:00,Danger,7.87
1771,169.254.1.226,2025-04-19 19:28:00,Danger,8.2
1772,169.254.1.225,2025-04-19 14:02:00,Warning,4.28
1773,169.254.1.223,2025-04-19 18:14:00,Warning,4.26
1774,169.254.1.225,2025-04-19 08:44:00,Warning,3.02
1775,169.254.1.225,2025-04-19 13:10:00,Warning,3.94
1776,169.254.1.224,2025-04-19 13:44:00,Warning,3.79
1777,169.254.1.223,2025-04-19 16:45:00,Warning,3.42
1778,169.254.1.223,2025-04-19 12:50:00,Danger,4.83
1779,169.254.1.224,2025-04-19 07:53:00,Danger,6.1
1780,169.254.1.225,2025-04-19 16:08:00,Warning,3.88
1781,169.254.1.225,2025-04-19 13:42:00,Warning,3.71
1782,169.254.1.225,2025-04-19 08:57:00,Warning,3.98
1783,169.254.1.226,2025-04-19 09:23:00,Danger,5.21
1784,169.254.1.224,2025-04-19 12:26:00,Warning,4.15
1785,169.254.1.224,2025-04-19 06:21:00,Warning,4.27
1786,169.254.1.224,2025-04-19 07:31:00,Warning,2.09
1787,169.254.1.225,2025-04-19 06:50:00,Warning,2.79
1788,169.254.1.223,2025-04-19 08:32:00,Danger,5.21
1789,169.254.1.226,2025-04-19 06:14:00,Warning,2.81
1790,169.254.1.224,2025-04-19 17:29:00,Warning,2.17
1791,169.254.1.225,2025-04-19 09:15:00,Warning,3.94
1792,169.254.1.226,2025-04-19 10:54:00,Warning,2.65
1793,169.254.1.225,2025-04-19 09:31:00,Warning,4.49
1794,169.254.1.226,2025-04-19 18:24:00,Warning,2.75
1795,169.254.1.225,2025-04-19 19:31:00,Danger,4.74
1796,169.254.1.226,2025-04-20 16:32:00,Warning,2.24
1797,169.254.1.225,2025-04-20 07:27:00,Danger,3.8
1798,169.254.1.226,2025-04-20 17:49:00,Warning,2.14
1799,169.254.1.223,2025-04-20 18:05:00,Warning,3.29
1800,169.254.1.224,2025-04-20 07:37:00,Warning,1.66
1801,169.254.1.223,2025-04-20 14:02:00,Warning,4.49
1802,169.254.1.225,2025-04-20 06:05:00,Danger,6.72
1803,169.254.1.223,2025-04-20 12:44:00,Warning,1.9
1804,169.254.1.226,2025-04-20 15:54:00,Danger,4.02
1805,169.254.1.225,2025-04-20 11:47:00,Warning,1.9
1806,169.254.1.223,2025-04-20 18:07:00,Warning,1.93
1807,169.254.1.225,2025-04-20 11:20:00,Danger,3.77
1808,169.254.1.225,2025-04-20 18:45:00,Warning,2.79
1809,169.254.1.225,2025-04-20 16:27:00,Warning,4.28
1810,169.254.1.226,2025-04-20 13:26:00,Warning,2.45
1811,169.254.1.226,2025-04-20 19:02:00,Warning,3.17
1812,169.254.1.224,2025-04-20 06:54:00,Danger,3.33
1813,169.254.1.226,2025-04-20 06:36:00,Warning,1.99
1814,169.254.1.226,2025-04-20 13:26:00,Danger,8.37
1815,169.254.1.226,2025-04-20 06:41:00,Warning,4.47
1816,169.254.1.224,2025-04-20 13:48:00,Warning,4.04
1817,169.254.1.225,2025-04-20 08:06:00,Danger,4.22
1818,169.254.1.225,2025-04-20 09:04:00,Warning,3.75
1819,169.254.1.223,2025-04-20 15:36:00,Warning,3.26
1820,169.254.1.223,2025-04-20 14:58:00,Warning,2.04
1821,169.254.1.225,2025-04-20 10:12:00,Warning,3.53
1822,169.254.1.223,2025-04-20 06:26:00,Danger,8.89
1823,169.254.1.223,2025-04-20 12:43:00,Warning,4.29
1824,169.254.1.226,2025-04-20 11:31:00,Danger,3.49
1825,169.254.1.223,2025-04-20 13:44:00,Warning,2.31
1826,169.254.1.225,2025-04-21 06:44:00,Warning,4.35
1827,169.254.1.224,2025-04-21 18:29:00,Warning,4.22
1828,169.254.1.225,2025-04-21 09:36:00,Warning,3.9
1829,169.254.1.226,2025-04-21 11:30:00,Warning,3.73
1830,169.254.1.226,2025-04-21 07:34:00,Warning,2.03
1831,169.254.1.226,2025-04-21 07:31:00,Danger,4.25
1832,169.254.1.224,2025-04-21 19:18:00,Warning,3.44
1833,169.254.1.225,2025-04-21 08:03:00,Danger,7.81
1834,169.254.1.223,2025-04-21 17:41:00,Warning,2.58
1835,169.254.1.226,2025-04-21 12:16:00,Warning,2.97
1836,169.254.1.223,2025-04-21 14:07:00,Danger,6.6
1837,169.254.1.224,2025-04-21 18:54:00,Warning,2.6
1838,169.254.1.225,2025-04-21 13:24:00,Warning,1.78
1839,169.254.1.224,2025-04-21 13:54:00,Warning,3.44
1840,169.254.1.223,2025-04-21 14:27:00,Warning,3.44
1841,169.254.1.226,2025-04-21 10:57:00,Warning,1.74
1842,169.254.1.225,2025-04-21 11:07:00,Danger,3.77
1843,169.254.1.223,2025-04-21 10:14:00,Warning,2.39
1844,169.254.1.223,2025-04-21 15:24:00,Danger,3.27
1845,169.254.1.225,2025-04-21 14:42:00,Warning,1.78
1846,169.254.1.223,2025-04-21 12:03:00,Danger,3.49
1847,169.254.1.224,2025-04-21 07:56:00,Warning,2.89
1848,169.254.1.225,2025-04-21 12:42:00,Danger,5.5
1849,169.254.1.226,2025-04-21 11:21:00,Warning,2.86
1850,169.254.1.224,2025-04-21 16:38:00,Warning,2.52
1851,169.254.1.225,2025-04-21 09:36:00,Danger,7.48
1852,169.254.1.223,2025-04-21 17:29:00,Danger,6.21
1853,169.254.1.226,2025-04-21 12:44:00,Danger,4.03
1854,169.254.1.226,2025-04-21 13:51:00,Warning,4.11
1855,169.254.1.225,2025-04-21 11:10:00,Warning,4.42
1856,169.254.1.226,2025-04-21 17:47:00,Warning,3.57
1857,169.254.1.223,2025-04-21 19:43:00,Danger,3.75
1858,169.254.1.224,2025-04-21 09:15:00,Danger,3.1
1859,169.254.1.224,2025-04-21 06:27:00,Danger,6.89
1860,169.254.1.224,2025-04-21 13:26:00,Warning,4.07
1861,169.254.1.226,2025-04-21 07:28:00,Danger,5.78